arm,depth,checkpoint,operation,repetition,path_hex,file_length_bytes,offset_bytes,requested_bytes,expected_sha256,row_index,status,errors,null_reason,setup_wrapper_ns,cleanup_wrapper_ns,invocation_wall_ns,container_staging_allocated_bytes,final_scoped_runtime_allocated_bytes,setup_native_record_fetches,setup_native_decode_calls,setup_host_ns,end_host_ns,session_fuse_read_requests_count,session_fuse_read_bytes,session_fuse_write_requests,session_fuse_write_bytes,read_elapsed_ns,read_acknowledgement_window_ns,read_host_cpu_ns,read_host_rss_bytes,read_host_lifetime_peak_rss_bytes,read_host_footprint_bytes,read_host_disk_read_bytes,read_host_disk_write_bytes,read_public_exec_count,read_workspace_output_reader_count,read_output_read_count,read_shell_process_count,read_dd_process_count,read_sink_process_count,read_free_disk_bytes,read_scoped_runtime_allocated_bytes,read_owned_output_allocated_bytes,read_group_fetches,read_blob_ranges,read_encoded_read_bytes,read_decoded_read_bytes,read_decompression_calls,read_base_fetches,read_native_record_fetches,read_native_request_bytes,read_native_parser_bytes,read_native_raw_decoded_bytes,read_native_decode_calls,read_native_decode_ns,read_native_dependency_edges,read_native_depth_0,read_native_depth_1,read_native_depth_2,read_native_depth_3,read_native_depth_4,read_fuse_read_requests,read_fuse_read_bytes,read_fuse_write_requests,read_fuse_write_bytes,read_host_runtime_disk_allocated_bytes,read_host_runtime_disk_apparent_bytes,read_copy_disk_allocated_bytes,read_copy_disk_apparent_bytes,read_cgroup_boundary_cpu_ns,read_cgroup_boundary_user_cpu_ns,read_cgroup_boundary_system_cpu_ns,read_cgroup_observer_ns,read_container_current_bytes,read_container_lifetime_peak_bytes,read_container_swap_current_bytes,read_container_before_anon_bytes,read_container_before_file_bytes,read_container_before_kernel_bytes,read_container_before_shmem_bytes,read_container_before_slab_bytes,read_container_before_file_dirty_bytes,read_container_before_file_writeback_bytes,read_container_after_anon_bytes,read_container_after_file_bytes,read_container_after_kernel_bytes,read_container_after_shmem_bytes,read_container_after_slab_bytes,read_container_after_file_dirty_bytes,read_container_after_file_writeback_bytes,read_container_io_bytes,digest_elapsed_ns,digest_acknowledgement_window_ns,digest_host_cpu_ns,digest_host_rss_bytes,digest_host_lifetime_peak_rss_bytes,digest_host_footprint_bytes,digest_host_disk_read_bytes,digest_host_disk_write_bytes,digest_public_exec_count,digest_workspace_output_reader_count,digest_output_read_count,digest_shell_process_count,digest_dd_process_count,digest_sink_process_count,digest_free_disk_bytes,digest_scoped_runtime_allocated_bytes,digest_owned_output_allocated_bytes,digest_group_fetches,digest_blob_ranges,digest_encoded_read_bytes,digest_decoded_read_bytes,digest_decompression_calls,digest_base_fetches,digest_native_record_fetches,digest_native_request_bytes,digest_native_parser_bytes,digest_native_raw_decoded_bytes,digest_native_decode_calls,digest_native_decode_ns,digest_native_dependency_edges,digest_native_depth_0,digest_native_depth_1,digest_native_depth_2,digest_native_depth_3,digest_native_depth_4,digest_fuse_read_requests,digest_fuse_read_bytes,digest_fuse_write_requests,digest_fuse_write_bytes,digest_host_runtime_disk_allocated_bytes,digest_host_runtime_disk_apparent_bytes,digest_copy_disk_allocated_bytes,digest_copy_disk_apparent_bytes,digest_cgroup_boundary_cpu_ns,digest_cgroup_boundary_user_cpu_ns,digest_cgroup_boundary_system_cpu_ns,digest_cgroup_observer_ns,digest_container_current_bytes,digest_container_lifetime_peak_bytes,digest_container_swap_current_bytes,digest_container_before_anon_bytes,digest_container_before_file_bytes,digest_container_before_kernel_bytes,digest_container_before_shmem_bytes,digest_container_before_slab_bytes,digest_container_before_file_dirty_bytes,digest_container_before_file_writeback_bytes,digest_container_after_anon_bytes,digest_container_after_file_bytes,digest_container_after_kernel_bytes,digest_container_after_shmem_bytes,digest_container_after_slab_bytes,digest_container_after_file_dirty_bytes,digest_container_after_file_writeback_bytes,digest_container_io_bytes
control,0,1,range,1,4147454e54532e6d64,17819,0,4096,8440e09130e2ce04e3f7196189f69d495ac6f6d33edb1d781a5b966420d6485b,1,PASS,[],null,15583146667,460592500,16643532958,0,205529088,0,0,824764292,5798000,1,16384,null,null,7985292,151004292,3781125,41566208,41566208,4620744,0,4096,1,1,2,1,1,1,442578673664,205537280,436015104,66,198,510052,1107108,65,0,0,0,0,0,0,0,0,0,0,0,0,0,null,null,null,null,8192,140,205524992,205524992,23053000,12009000,11043000,288891792,13217792,14544896,0,856064,10108928,1433600,0,916120,12288,0,1015808,10215424,1458176,0,920696,12288,0,null,4093500,153106708,832709,41566208,41582592,4620744,0,4096,1,1,2,1,1,1,442578501632,205541376,436023296,0,0,0,0,0,0,0,0,0,0,0,0,0,0,0,0,0,0,null,null,null,null,12288,221,205524992,205524992,22917000,15177000,7740000,288633792,13697024,15073280,0,1019904,10215424,1445888,0,918272,12288,0,1019904,10215424,1449984,0,923080,12288,0,null
candidate,0,1,range,1,4147454e54532e6d64,17819,0,4096,8440e09130e2ce04e3f7196189f69d495ac6f6d33edb1d781a5b966420d6485b,2,PASS,[],null,2516454333,506502084,3916830375,0,181719040,0,0,1275691083,8310959,1,16384,null,null,10772625,215090167,4963458,41533440,41533440,4555208,0,4096,1,1,2,1,1,1,442578169856,181727232,436047872,66,234,291310,495711,47,0,18,21573,20997,41501,18,200210,0,18,0,0,0,0,null,null,null,null,8192,140,181710848,181710848,29754000,15598000,14155000,463603708,3190784,5922816,0,860160,4096,1142784,0,621480,4096,0,1015808,20480,1146880,0,626488,4096,0,null,3831708,206977416,876584,41598976,41598976,4620744,0,4096,1,1,2,1,1,1,442578149376,181731328,436056064,0,0,0,0,0,0,0,0,0,0,0,0,0,0,0,0,0,0,null,null,null,null,12288,221,181710848,181710848,23464000,16142000,7323000,401273751,3403776,5922816,0,1015808,20480,1142784,0,626096,4096,0,1019904,20480,1155072,0,628760,4096,0,null
candidate,0,1,range,2,4147454e54532e6d64,17819,0,4096,8440e09130e2ce04e3f7196189f69d495ac6f6d33edb1d781a5b966420d6485b,3,PASS,[],null,1742836375,510302125,3205769459,0,181723136,0,0,1144389708,7980542,1,16384,null,null,8597792,213268375,4297833,41566208,41582592,4571568,0,4096,1,1,2,1,1,1,442577891328,181731328,436080640,66,234,291310,495711,47,0,18,21573,20997,41501,18,136166,0,18,0,0,0,0,null,null,null,null,8192,140,181710848,181710848,25823000,20777000,5045000,407416208,3284992,5324800,0,864256,4096,1146880,0,623408,4096,0,1019904,20480,1159168,0,628480,4096,0,null,4907375,269839750,1354418,41598976,41598976,4604336,0,4096,1,1,2,1,1,1,442577883136,181735424,436088832,0,0,0,0,0,0,0,0,0,0,0,0,0,0,0,0,0,0,null,null,null,null,12288,221,181710848,181710848,26759000,16062000,10697000,517226834,3469312,5324800,0,1024000,20480,1155072,0,629712,4096,0,1019904,20480,1150976,0,631808,4096,0,null
control,0,1,range,2,4147454e54532e6d64,17819,0,4096,8440e09130e2ce04e3f7196189f69d495ac6f6d33edb1d781a5b966420d6485b,4,PASS,[],null,1527084000,459185750,2942441209,0,205541376,0,0,868268667,8042750,1,16384,null,null,10164750,268027500,5031874,41238528,41254912,4293064,0,4096,1,1,2,1,1,1,442577870848,205549568,436113408,66,198,510052,1107108,65,0,0,0,0,0,0,0,0,0,0,0,0,0,null,null,null,null,8192,140,205524992,205524992,27089000,18053000,9036000,524386417,3211264,5595136,0,868352,4096,1142784,0,621976,4096,0,1028096,20480,1150976,0,630576,4096,0,null,4522167,259012792,1113958,41271296,41271296,4325832,0,4096,1,1,2,1,1,1,442577764352,205553664,436121600,0,0,0,0,0,0,0,0,0,0,0,0,0,0,0,0,0,0,null,null,null,null,12288,221,205524992,205524992,24877000,14173000,10704000,401597584,3407872,5595136,0,1024000,20480,1155072,0,631120,4096,0,1028096,20480,1146880,0,629224,4096,0,null
control,0,1,range,3,4147454e54532e6d64,17819,0,4096,8440e09130e2ce04e3f7196189f69d495ac6f6d33edb1d781a5b966420d6485b,5,PASS,[],null,1401983542,508539625,2590390500,0,205545472,0,0,792481292,5730417,1,16384,null,null,8110750,207880375,3996251,41320448,41320448,4374984,0,4096,1,1,2,1,1,1,442575970304,205553664,436146176,66,198,510052,1107108,65,0,0,0,0,0,0,0,0,0,0,0,0,0,null,null,null,null,8192,140,205524992,205524992,23290000,15536000,7753000,351600249,2854912,5939200,0,864256,4096,1150976,0,630840,4096,0,1024000,20480,1167360,0,627952,4096,0,null,4583208,154158500,884667,41369600,41369600,4424136,0,4096,1,1,2,1,1,1,442575806464,205557760,436154368,0,0,0,0,0,0,0,0,0,0,0,0,0,0,0,0,0,0,null,null,null,null,12288,221,205524992,205524992,23395000,12524000,10870000,303422250,3489792,5939200,0,1019904,20480,1167360,0,628136,4096,0,1024000,20480,1163264,0,628032,4096,0,null
candidate,0,1,range,3,4147454e54532e6d64,17819,0,4096,8440e09130e2ce04e3f7196189f69d495ac6f6d33edb1d781a5b966420d6485b,6,PASS,[],null,1802036417,517038042,3321986000,0,181735424,0,0,1183991875,8209334,1,16384,null,null,8531833,261782250,4023250,41582592,41615360,4587952,0,4096,1,1,2,1,1,1,442574594048,181743616,436178944,66,234,291310,495711,47,0,18,21573,20997,41501,18,143084,0,18,0,0,0,0,null,null,null,null,8192,140,181710848,181710848,26389000,14168000,12220000,459066001,3465216,5091328,0,860160,4096,1146880,0,622728,4096,0,1019904,20480,1150976,0,625960,4096,0,null,5574250,264775250,1340792,41648128,41648128,4653488,0,4096,1,1,2,1,1,1,442574565376,181747712,436187136,0,0,0,0,0,0,0,0,0,0,0,0,0,0,0,0,0,0,null,null,null,null,12288,221,181710848,181710848,25379000,16150000,9229000,513195584,2904064,5091328,0,1019904,20480,1146880,0,622912,4096,0,1024000,20480,1155072,0,629424,4096,0,null
control,0,1,full,1,4147454e54532e6d64,17819,0,17819,fbfb9310604c3623fb43e1e89f656658854f12b56653e5efd370c9e28ae5a348,7,PASS,[],null,1481201250,512690625,2998763667,0,205553664,0,0,872439667,7431709,1,20480,null,null,9771250,264830084,4704666,41287680,41287680,4342216,0,4096,1,1,2,1,1,1,442574209024,205561856,436211712,66,198,510052,1107108,65,0,0,0,0,0,0,0,0,0,0,0,0,0,null,null,null,null,8192,141,205524992,205524992,26840000,17252000,9587000,509542583,2899968,5414912,0,856064,4096,1142784,0,624376,4096,0,1024000,24576,1159168,0,627608,4096,0,null,4946250,213250833,1166542,41336832,41336832,4391368,0,4096,1,1,2,1,1,1,442574180352,205565952,436219904,0,0,0,0,0,0,0,0,0,0,0,0,0,0,0,0,0,0,null,null,null,null,12288,222,205524992,205524992,26832000,16256000,10576000,464046666,3072000,5414912,0,1019904,24576,1150976,0,630656,4096,0,1024000,24576,1155072,0,631280,4096,0,null
candidate,0,1,full,1,4147454e54532e6d64,17819,0,17819,fbfb9310604c3623fb43e1e89f656658854f12b56653e5efd370c9e28ae5a348,8,PASS,[],null,1815585875,455618791,3002016875,0,181743616,0,0,1217833375,6639292,1,20480,null,null,8884000,158454875,3545458,41402368,41402368,4424136,0,4096,1,1,2,1,1,1,442577068032,181751808,436244480,66,234,291310,495711,47,0,18,21573,20997,41501,18,143790,0,18,0,0,0,0,null,null,null,null,8192,141,181710848,181710848,25195000,14233000,10962000,407256625,2932736,5918720,0,864256,4096,1138688,0,624632,4096,0,1028096,24576,1142784,0,629552,4096,0,null,3777917,154047041,841125,41418752,41435136,4440520,0,4096,1,1,2,1,1,1,442576027648,181755904,436252672,0,0,0,0,0,0,0,0,0,0,0,0,0,0,0,0,0,0,null,null,null,null,12288,222,181710848,181710848,23337000,14152000,9185000,296477709,3264512,5918720,0,1024000,24576,1142784,0,630792,4096,0,1024000,24576,1150976,0,632816,4096,0,null
candidate,0,1,full,2,4147454e54532e6d64,17819,0,17819,fbfb9310604c3623fb43e1e89f656658854f12b56653e5efd370c9e28ae5a348,9,PASS,[],null,1897138500,511226792,3401268250,0,181747712,0,0,1236033042,8255667,1,20480,null,null,9073042,257666833,4247792,41500672,41500672,4506032,0,4096,1,1,2,1,1,1,442576039936,181755904,436277248,66,234,291310,495711,47,0,18,21573,20997,41501,18,138331,0,18,0,0,0,0,null,null,null,null,8192,141,181710848,181710848,27474000,16510000,10964000,504277791,3178496,5668864,0,856064,4096,1150976,0,618904,4096,0,1024000,24576,1150976,0,626704,4096,0,null,3846375,264004958,989041,41517056,41533440,4522416,0,4096,1,1,2,1,1,1,442576007168,181760000,436285440,0,0,0,0,0,0,0,0,0,0,0,0,0,0,0,0,0,0,null,null,null,null,12288,222,181710848,181710848,24311000,16457000,7853000,456940292,3268608,5668864,0,1024000,24576,1142784,0,630960,4096,0,1024000,24576,1142784,0,624216,4096,0,null
control,0,1,full,2,4147454e54532e6d64,17819,0,17819,fbfb9310604c3623fb43e1e89f656658854f12b56653e5efd370c9e28ae5a348,10,PASS,[],null,1656448000,557702083,3281319709,0,205565952,0,0,980467833,8018458,1,20480,null,null,10083083,265445583,5046292,41402368,41402368,4456904,0,4096,1,1,2,1,1,1,442575736832,205574144,436310016,66,198,510052,1107108,65,0,0,0,0,0,0,0,0,0,0,0,0,0,null,null,null,null,8192,141,205524992,205524992,27723000,15809000,11915000,517279749,3293184,4988928,0,864256,4096,1150976,0,623224,4096,0,1024000,24576,1163264,0,630648,4096,0,null,5528083,262214167,1258834,41451520,41451520,4506056,0,4096,1,1,2,1,1,1,442575720448,205578240,436318208,0,0,0,0,0,0,0,0,0,0,0,0,0,0,0,0,0,0,null,null,null,null,12288,222,205524992,205524992,26259000,11930000,14330000,515241208,3567616,4988928,0,1024000,24576,1159168,0,626760,4096,0,1028096,24576,1150976,0,629648,4096,0,null
control,0,1,full,3,4147454e54532e6d64,17819,0,17819,fbfb9310604c3623fb43e1e89f656658854f12b56653e5efd370c9e28ae5a348,11,PASS,[],null,1587622833,513062000,3173994167,0,205570048,0,0,924410834,8504625,1,20480,null,null,10942250,273374541,4810876,41500672,41517056,4538800,0,4096,1,1,2,1,1,1,442575261696,205578240,436342784,66,198,510052,1107108,65,0,0,0,0,0,0,0,0,0,0,0,0,0,null,null,null,null,8192,141,205524992,205524992,28184000,18122000,10062000,519271875,3063808,5689344,0,864256,4096,1142784,0,623272,4096,0,1024000,24576,1150976,0,627728,4096,0,null,6457500,264980166,1452501,41517056,41533440,4555184,0,4096,1,1,2,1,1,1,442575249408,205582336,436350976,0,0,0,0,0,0,0,0,0,0,0,0,0,0,0,0,0,0,null,null,null,null,12288,222,205524992,205524992,27613000,20511000,7103000,514916583,3055616,5689344,0,1028096,24576,1163264,0,629944,4096,0,1028096,24576,1155072,0,631216,4096,0,null
candidate,0,1,full,3,4147454e54532e6d64,17819,0,17819,fbfb9310604c3623fb43e1e89f656658854f12b56653e5efd370c9e28ae5a348,12,PASS,[],null,1934885208,509200250,3456311083,0,181760000,0,0,1222046125,9530250,1,20480,null,null,9170583,264840750,4075708,41582592,41582592,4587952,0,4096,1,1,2,1,1,1,442575679488,181768192,436375552,66,234,291310,495711,47,0,18,21573,20997,41501,18,137920,0,18,0,0,0,0,null,null,null,null,8192,141,181710848,181710848,26792000,14621000,12172000,463471042,3342336,5394432,0,864256,4096,1146880,0,623272,4096,0,1028096,24576,1155072,0,625728,4096,0,null,6731292,261820375,1279750,41598976,41615360,4604336,0,4096,1,1,2,1,1,1,442575630336,181772288,436383744,0,0,0,0,0,0,0,0,0,0,0,0,0,0,0,0,0,0,null,null,null,null,12288,222,181710848,181710848,26678000,17145000,9534000,510244541,2994176,5394432,0,1028096,24576,1159168,0,627864,4096,0,1024000,24576,1167360,0,629752,4096,0,null
control,1,2,range,1,2e6167656e74732f736b696c6c732f6473682d636f64652d7265766965772f534b494c4c2e6d64,9128,0,4096,ec18d69b889eb55a8fdfff19d5d92f23a51c5603b3b27867dd4357629d0b68b1,13,PASS,[],null,1504845625,458946250,2701498917,0,205578240,0,0,853146708,6931584,1,12288,null,null,10518292,162731083,5072500,41517056,41517056,4555184,0,4096,1,1,2,1,1,1,442574274560,205586432,436408320,94,282,633806,1288782,93,16,0,0,0,0,0,0,0,0,0,0,0,0,null,null,null,null,8192,140,205524992,205524992,23731000,19056000,4674000,306434083,3346432,6201344,0,860160,4096,1150976,0,624184,4096,0,995328,16384,1150976,0,632824,4096,0,null,4317250,249624250,958167,41566208,41566208,4604336,0,4096,1,1,2,1,1,1,442574262272,205590528,436416512,0,0,0,0,0,0,0,0,0,0,0,0,0,0,0,0,0,0,null,null,null,null,12288,221,205524992,205524992,23433000,17728000,5704000,398939501,3284992,6201344,0,995328,16384,1155072,0,634480,4096,0,991232,16384,1167360,0,635568,4096,0,null
candidate,1,2,range,1,2e6167656e74732f736b696c6c732f6473682d636f64652d7265766965772f534b494c4c2e6d64,9128,0,4096,ec18d69b889eb55a8fdfff19d5d92f23a51c5603b3b27867dd4357629d0b68b1,14,PASS,[],null,1644464542,506280167,2993905625,0,181768192,0,0,1096139916,6675292,1,12288,null,null,11754583,261705042,5265083,41631744,41631744,4653512,0,4096,1,1,2,1,1,1,442574069760,181776384,436441088,92,334,376397,608710,62,14,29,20500,19572,50101,29,185792,12,5,12,0,0,0,null,null,null,null,8192,140,181710848,181710848,28730000,18328000,10402000,504734083,3584000,5951488,0,860160,4096,1142784,0,622512,4096,0,991232,16384,1159168,0,629528,4096,0,null,4871625,158807875,911334,41648128,41664512,4669896,0,4096,1,1,2,1,1,1,442574032896,181780480,436449280,0,0,0,0,0,0,0,0,0,0,0,0,0,0,0,0,0,0,null,null,null,null,12288,221,181710848,181710848,24139000,15267000,8873000,303259875,3047424,5951488,0,991232,16384,1159168,0,631488,4096,0,991232,16384,1146880,0,632208,4096,0,null
candidate,1,2,range,2,2e6167656e74732f736b696c6c732f6473682d636f64652d7265766965772f534b494c4c2e6d64,9128,0,4096,ec18d69b889eb55a8fdfff19d5d92f23a51c5603b3b27867dd4357629d0b68b1,15,PASS,[],null,1645885000,462853541,2852979667,0,181772288,0,0,1041530791,6039292,1,12288,null,null,10292333,213207833,4575458,41353216,41353216,4374984,0,4096,1,1,2,1,1,1,442573803520,181780480,436473856,92,334,376397,608710,62,14,29,20500,19572,50101,29,175959,12,5,12,0,0,0,null,null,null,null,8192,140,181710848,181710848,25704000,14638000,11066000,408689541,3305472,5410816,0,856064,4096,1138688,0,624088,4096,0,995328,16384,1150976,0,630464,4096,0,null,3880583,153752791,834292,41385984,41385984,4391368,0,4096,1,1,2,1,1,1,442573783040,181784576,436482048,0,0,0,0,0,0,0,0,0,0,0,0,0,0,0,0,0,0,null,null,null,null,12288,221,181710848,181710848,22941000,15982000,6958000,300509834,3125248,5410816,0,995328,16384,1150976,0,633536,4096,0,995328,16384,1150976,0,632752,4096,0,null
control,1,2,range,2,2e6167656e74732f736b696c6c732f6473682d636f64652d7265766965772f534b494c4c2e6d64,9128,0,4096,ec18d69b889eb55a8fdfff19d5d92f23a51c5603b3b27867dd4357629d0b68b1,16,PASS,[],null,1499203375,462390792,2803210875,0,205590528,0,0,847957541,6568875,1,12288,null,null,13744250,267135583,6022916,41484288,41484288,4522416,0,4096,1,1,2,1,1,1,442573807616,205598720,436506624,94,282,633806,1288782,93,16,0,0,0,0,0,0,0,0,0,0,0,0,null,null,null,null,8192,140,205524992,205524992,29493000,19915000,9578000,509339041,3547136,5357568,0,864256,4096,1150976,0,623544,4096,0,995328,16384,1155072,0,630008,4096,0,null,4535416,149328292,912084,41533440,41533440,4571568,0,4096,1,1,2,1,1,1,442573799424,205602816,436514816,0,0,0,0,0,0,0,0,0,0,0,0,0,0,0,0,0,0,null,null,null,null,12288,221,205524992,205524992,25235000,15684000,9551000,295233209,3272704,5357568,0,991232,16384,1159168,0,630768,4096,0,995328,16384,1159168,0,632208,4096,0,null
control,1,2,range,3,2e6167656e74732f736b696c6c732f6473682d636f64652d7265766965772f534b494c4c2e6d64,9128,0,4096,ec18d69b889eb55a8fdfff19d5d92f23a51c5603b3b27867dd4357629d0b68b1,17,PASS,[],null,1525653500,508194458,3044808333,0,205594624,0,0,874582291,8869584,1,12288,null,null,12635709,218607417,6196125,41549824,41549824,4587952,0,4096,1,1,2,1,1,1,442573987840,205602816,436539392,94,282,633806,1288782,93,16,0,0,0,0,0,0,0,0,0,0,0,0,null,null,null,null,8192,140,205524992,205524992,27404000,15804000,11601000,461111916,3264512,5656576,0,864256,4096,1142784,0,621616,4096,0,999424,16384,1155072,0,633768,4096,0,null,5035500,263539500,1241166,41615360,41631744,4653488,0,4096,1,1,2,1,1,1,442573946880,205606912,436547584,0,0,0,0,0,0,0,0,0,0,0,0,0,0,0,0,0,0,null,null,null,null,12288,221,205524992,205524992,25668000,17476000,8192000,507579583,2916352,5656576,0,999424,16384,1159168,0,634352,4096,0,999424,16384,1163264,0,634504,4096,0,null
candidate,1,2,range,3,2e6167656e74732f736b696c6c732f6473682d636f64652d7265766965772f534b494c4c2e6d64,9128,0,4096,ec18d69b889eb55a8fdfff19d5d92f23a51c5603b3b27867dd4357629d0b68b1,18,PASS,[],null,1830956292,518605958,3361550417,0,181784576,0,0,1173187375,7724666,1,12288,null,null,11473375,266547666,5462541,41402368,41402368,4407728,0,4096,1,1,2,1,1,1,442573418496,181792768,436572160,92,334,376397,608710,62,14,29,20500,19572,50101,29,203666,12,5,12,0,0,0,null,null,null,null,8192,140,181710848,181710848,27111000,16206000,10905000,511116791,2789376,5672960,0,864256,4096,1155072,0,622752,4096,0,995328,16384,1163264,0,632304,4096,0,null,5533458,206697458,1184791,41435136,41451520,4440496,0,4096,1,1,2,1,1,1,442573410304,181796864,436580352,0,0,0,0,0,0,0,0,0,0,0,0,0,0,0,0,0,0,null,null,null,null,12288,221,181710848,181710848,27680000,15817000,11863000,458275874,3723264,5672960,0,999424,16384,1163264,0,632328,4096,0,999424,16384,1175552,0,634472,4096,0,null
control,1,2,full,1,2e6167656e74732f736b696c6c732f6473682d636f64652d7265766965772f534b494c4c2e6d64,9128,0,9128,db38a97f505ea12ef8327a9d29431b96036ea291fc1c82b5bb6d8420b1ea37c7,19,PASS,[],null,1696587792,564582916,3341446959,0,205602816,0,0,929041125,10006625,1,12288,null,null,12990458,274638667,6780167,41517056,41533440,4555184,0,4096,1,1,2,1,1,1,442573111296,205611008,436604928,94,282,633806,1288782,93,16,0,0,0,0,0,0,0,0,0,0,0,0,null,null,null,null,8192,140,205524992,205524992,29256000,18151000,11106000,520911917,3297280,5414912,0,860160,4096,1155072,0,624032,4096,0,999424,16384,1163264,0,632216,4096,0,null,4934458,263941416,1175083,41533440,41549824,4571568,0,4096,1,1,2,1,1,1,442573103104,205615104,436613120,0,0,0,0,0,0,0,0,0,0,0,0,0,0,0,0,0,0,null,null,null,null,12288,221,205524992,205524992,27249000,17791000,9459000,511874083,3010560,5414912,0,995328,16384,1150976,0,629376,4096,0,999424,16384,1150976,0,632232,4096,0,null
candidate,1,2,full,1,2e6167656e74732f736b696c6c732f6473682d636f64652d7265766965772f534b494c4c2e6d64,9128,0,9128,db38a97f505ea12ef8327a9d29431b96036ea291fc1c82b5bb6d8420b1ea37c7,20,PASS,[],null,1721682209,464615875,2989913375,0,181792768,0,0,1159779208,7647625,1,12288,null,null,10460542,163087875,4775249,41582592,41582592,4620768,0,4096,1,1,2,1,1,1,442573074432,181800960,436637696,92,334,376397,608710,62,14,29,20500,19572,50101,29,169540,12,5,12,0,0,0,null,null,null,null,8192,140,181710848,181710848,24115000,14674000,9440000,303342875,3252224,5419008,0,860160,4096,1142784,0,622504,4096,0,995328,16384,1159168,0,630208,4096,0,null,5040166,263869000,1268416,41648128,41648128,4686304,0,4096,1,1,2,1,1,1,442573004800,181805056,436645888,0,0,0,0,0,0,0,0,0,0,0,0,0,0,0,0,0,0,null,null,null,null,12288,221,181710848,181710848,24892000,14784000,10108000,461575291,2953216,5419008,0,995328,16384,1159168,0,632088,4096,0,991232,16384,1155072,0,633232,4096,0,null
candidate,1,2,full,2,2e6167656e74732f736b696c6c732f6473682d636f64652d7265766965772f534b494c4c2e6d64,9128,0,9128,db38a97f505ea12ef8327a9d29431b96036ea291fc1c82b5bb6d8420b1ea37c7,21,PASS,[],null,1675186250,509723792,3036846833,0,181796864,0,0,1076491417,8018292,1,12288,null,null,9995166,212229750,4652792,41517056,41517056,4522416,0,4096,1,1,2,1,1,1,442573660160,181805056,436670464,92,334,376397,608710,62,14,29,20500,19572,50101,29,182498,12,5,12,0,0,0,null,null,null,null,8192,140,181710848,181710848,24135000,15420000,8715000,406593417,3416064,5656576,0,856064,4096,1150976,0,624904,4096,0,995328,16384,1159168,0,633120,4096,0,null,4372084,261767750,1033667,41549824,41549824,4555184,0,4096,1,1,2,1,1,1,442573639680,181809152,436678656,0,0,0,0,0,0,0,0,0,0,0,0,0,0,0,0,0,0,null,null,null,null,12288,221,181710848,181710848,24141000,19631000,4510000,405615125,3317760,5656576,0,995328,16384,1159168,0,633952,4096,0,995328,16384,1150976,0,636352,4096,0,null
control,1,2,full,2,2e6167656e74732f736b696c6c732f6473682d636f64652d7265766965772f534b494c4c2e6d64,9128,0,9128,db38a97f505ea12ef8327a9d29431b96036ea291fc1c82b5bb6d8420b1ea37c7,22,PASS,[],null,1411506625,510924291,2725180375,0,205615104,0,0,866936625,6841875,1,12288,null,null,10737292,213478542,5629584,41631744,41631744,4686280,0,4096,1,1,2,1,1,1,442573352960,205623296,436703232,94,282,633806,1288782,93,16,0,0,0,0,0,0,0,0,0,0,0,0,null,null,null,null,8192,140,205524992,205524992,24483000,17340000,7143000,408928792,3112960,7761920,0,860160,4096,1150976,0,622968,4096,0,995328,16384,1155072,0,630848,4096,0,null,5022042,209185916,1116042,41631744,41648128,4686280,0,4096,1,1,2,1,1,1,442573324288,205627392,436711424,0,0,0,0,0,0,0,0,0,0,0,0,0,0,0,0,0,0,null,null,null,null,12288,221,205524992,205524992,23710000,15799000,7912000,354435292,3600384,7761920,0,991232,16384,1167360,0,631072,4096,0,991232,16384,1163264,0,634512,4096,0,null
control,1,2,full,3,2e6167656e74732f736b696c6c732f6473682d636f64652d7265766965772f534b494c4c2e6d64,9128,0,9128,db38a97f505ea12ef8327a9d29431b96036ea291fc1c82b5bb6d8420b1ea37c7,23,PASS,[],null,1651805708,516885584,3250146834,0,205619200,0,0,926369166,8247375,1,12288,null,null,15240458,276169542,7035334,41533440,41549824,4571568,0,4096,1,1,2,1,1,1,442573090816,205627392,436736000,94,282,633806,1288782,93,16,0,0,0,0,0,0,0,0,0,0,0,0,null,null,null,null,8192,140,205524992,205524992,29323000,16273000,13049000,517487333,3178496,5664768,0,860160,4096,1150976,0,619872,4096,0,995328,16384,1155072,0,628976,4096,0,null,5986750,265245416,1544792,41582592,41582592,4620720,0,4096,1,1,2,1,1,1,442572984320,205631488,436744192,0,0,0,0,0,0,0,0,0,0,0,0,0,0,0,0,0,0,null,null,null,null,12288,221,205524992,205524992,26383000,17498000,8886000,512953708,3100672,5664768,0,991232,16384,1159168,0,629776,4096,0,995328,16384,1155072,0,632552,4096,0,null
candidate,1,2,full,3,2e6167656e74732f736b696c6c732f6473682d636f64652d7265766965772f534b494c4c2e6d64,9128,0,9128,db38a97f505ea12ef8327a9d29431b96036ea291fc1c82b5bb6d8420b1ea37c7,24,PASS,[],null,1820195667,451093875,3290301667,0,181809152,0,0,1163510958,7800333,1,12288,null,null,10610166,265671833,4533750,41566208,41566208,4571568,0,4096,1,1,2,1,1,1,442572656640,181817344,436768768,92,334,376397,608710,62,14,29,20500,19572,50101,29,201418,12,5,12,0,0,0,null,null,null,null,8192,140,181710848,181710848,27706000,14232000,13474000,464934083,3248128,5656576,0,864256,4096,1146880,0,623408,4096,0,1011712,16384,1167360,0,630584,4096,0,null,4927708,258390125,1226125,41582592,41598976,4587952,0,4096,1,1,2,1,1,1,442572578816,181821440,436776960,0,0,0,0,0,0,0,0,0,0,0,0,0,0,0,0,0,0,null,null,null,null,12288,221,181710848,181710848,26530000,17550000,8980000,511816332,3219456,5656576,0,1015808,16384,1167360,0,632728,4096,0,1011712,16384,1163264,0,634600,4096,0,null
control,2,3,range,1,2e6167656e74732f736b696c6c732f6473682d636f64652d7265766965772f534b494c4c2e6d64,11235,0,4096,ec18d69b889eb55a8fdfff19d5d92f23a51c5603b3b27867dd4357629d0b68b1,25,PASS,[],null,1410734292,461127666,2954283250,0,205627392,0,0,856636083,7763750,1,12288,null,null,14017166,280595000,7182292,41631744,41631744,4669872,0,4096,1,1,2,1,1,1,442572697600,205635584,436801536,101,303,700571,1386011,100,12,0,0,0,0,0,0,0,0,0,0,0,0,null,null,null,null,8192,140,205524992,205524992,29270000,16643000,12626000,518832000,3375104,5873664,0,860160,4096,1142784,0,621912,4096,0,1003520,16384,1150976,0,631024,4096,0,null,5283458,265570583,1264793,41664512,41664512,4702640,0,4096,1,1,2,1,1,1,442572619776,205639680,436809728,0,0,0,0,0,0,0,0,0,0,0,0,0,0,0,0,0,0,null,null,null,null,12288,221,205524992,205524992,25543000,21219000,4324000,518826958,3092480,5873664,0,999424,16384,1146880,0,630440,4096,0,999424,16384,1159168,0,634856,4096,0,null
candidate,2,3,range,1,2e6167656e74732f736b696c6c732f6473682d636f64652d7265766965772f534b494c4c2e6d64,11235,0,4096,ec18d69b889eb55a8fdfff19d5d92f23a51c5603b3b27867dd4357629d0b68b1,26,PASS,[],null,1655559584,461437541,2874365792,0,181817344,0,0,1088283500,6270792,1,12288,null,null,11570042,169046917,5351291,41549824,41549824,4571592,0,4096,1,1,2,1,1,1,442571419648,181825536,436834304,113,417,452318,702129,73,23,39,24561,23313,75488,39,255916,21,6,3,9,0,0,null,null,null,null,8192,140,181710848,181710848,25812000,16449000,9362000,359824292,3411968,6176768,0,860160,4096,1146880,0,624056,4096,0,999424,16384,1150976,0,631160,4096,0,null,4733625,158519792,1047875,41598976,41598976,4620744,0,4096,1,1,2,1,1,1,442571280384,181829632,436842496,0,0,0,0,0,0,0,0,0,0,0,0,0,0,0,0,0,0,null,null,null,null,12288,221,181710848,181710848,25854000,16762000,9092000,358574000,3211264,6176768,0,995328,16384,1150976,0,631968,4096,0,999424,16384,1150976,0,631680,4096,0,null
candidate,2,3,range,2,2e6167656e74732f736b696c6c732f6473682d636f64652d7265766965772f534b494c4c2e6d64,11235,0,4096,ec18d69b889eb55a8fdfff19d5d92f23a51c5603b3b27867dd4357629d0b68b1,27,PASS,[],null,1756376417,459965750,2864159375,0,181821440,0,0,1103788250,6297084,1,12288,null,null,10867166,165234791,5136042,41582592,41582592,4571568,0,4096,1,1,2,1,1,1,442572644352,181829632,436867072,113,417,452318,702129,73,23,39,24561,23313,75488,39,218335,21,6,3,9,0,0,null,null,null,null,8192,140,181710848,181710848,24407000,15558000,8850000,304865167,3489792,5656576,0,860160,4096,1138688,0,624088,4096,0,999424,16384,1155072,0,629680,4096,0,null,4674417,157309791,1031375,41582592,41598976,4587952,0,4096,1,1,2,1,1,1,442572615680,181833728,436875264,0,0,0,0,0,0,0,0,0,0,0,0,0,0,0,0,0,0,null,null,null,null,12288,221,181710848,181710848,23179000,13224000,9954000,304503042,3690496,5656576,0,995328,16384,1159168,0,631136,4096,0,999424,16384,1159168,0,631072,4096,0,null
control,2,3,range,2,2e6167656e74732f736b696c6c732f6473682d636f64652d7265766965772f534b494c4c2e6d64,11235,0,4096,ec18d69b889eb55a8fdfff19d5d92f23a51c5603b3b27867dd4357629d0b68b1,28,PASS,[],null,1483764375,457682709,2746134916,0,205639680,0,0,882809000,6618791,1,12288,null,null,10718792,214492834,5615584,41680896,41680896,4719024,0,4096,1,1,2,1,1,1,442572300288,205647872,436899840,101,303,700571,1386011,100,12,0,0,0,0,0,0,0,0,0,0,0,0,null,null,null,null,8192,140,205524992,205524992,26584000,16087000,10498000,410693834,3264512,5672960,0,860160,4096,1146880,0,624992,4096,0,999424,16384,1155072,0,632600,4096,0,null,3838584,204724708,901291,41697280,41713664,4735408,0,4096,1,1,2,1,1,1,442572283904,205651968,436908032,0,0,0,0,0,0,0,0,0,0,0,0,0,0,0,0,0,0,null,null,null,null,12288,221,205524992,205524992,23825000,15548000,8277000,355320042,3305472,5672960,0,995328,16384,1155072,0,633800,4096,0,995328,16384,1163264,0,634432,4096,0,null
control,2,3,range,3,2e6167656e74732f736b696c6c732f6473682d636f64652d7265766965772f534b494c4c2e6d64,11235,0,4096,ec18d69b889eb55a8fdfff19d5d92f23a51c5603b3b27867dd4357629d0b68b1,29,PASS,[],null,1491558084,454810334,2593147167,0,205643776,0,0,879740500,5721458,1,12288,null,null,10055708,161294875,4833417,41664512,41664512,4702640,0,4096,1,1,2,1,1,1,442572189696,205651968,436932608,101,303,700571,1386011,100,12,0,0,0,0,0,0,0,0,0,0,0,0,null,null,null,null,8192,140,205524992,205524992,24191000,15791000,8400000,305760209,3457024,5390336,0,856064,4096,1142784,0,625248,4096,0,999424,16384,1155072,0,633592,4096,0,null,4206792,157993084,905791,41697280,41697280,4735408,0,4096,1,1,2,1,1,1,442572181504,205656064,436940800,0,0,0,0,0,0,0,0,0,0,0,0,0,0,0,0,0,0,null,null,null,null,12288,221,205524992,205524992,24203000,15409000,8794000,302923999,3166208,5390336,0,995328,16384,1163264,0,634344,4096,0,995328,16384,1155072,0,636096,4096,0,null
candidate,2,3,range,3,2e6167656e74732f736b696c6c732f6473682d636f64652d7265766965772f534b494c4c2e6d64,11235,0,4096,ec18d69b889eb55a8fdfff19d5d92f23a51c5603b3b27867dd4357629d0b68b1,30,PASS,[],null,1701445959,509135458,3108139542,0,181833728,0,0,1109333292,8098209,1,12288,null,null,11432166,213212958,5566375,41664512,41664512,4669872,0,4096,1,1,2,1,1,1,442571878400,181841920,436965376,113,417,452318,702129,73,23,39,24561,23313,75488,39,223584,21,6,3,9,0,0,null,null,null,null,8192,140,181710848,181710848,26437000,14468000,11969000,450967459,3002368,5402624,0,856064,4096,1138688,0,624040,4096,0,999424,16384,1159168,0,629656,4096,0,null,4146375,259667875,939375,41664512,41697280,4669872,0,4096,1,1,2,1,1,1,442571902976,181846016,436973568,0,0,0,0,0,0,0,0,0,0,0,0,0,0,0,0,0,0,null,null,null,null,12288,221,181710848,181710848,24230000,13086000,11145000,404223250,3633152,5402624,0,999424,16384,1150976,0,633288,4096,0,995328,16384,1163264,0,634648,4096,0,null
control,2,3,full,1,2e6167656e74732f736b696c6c732f6473682d636f64652d7265766965772f534b494c4c2e6d64,11235,0,11235,02b74aa761f28a9dfa903156b3cf778c28c1523256321d903e4776f332392f3c,31,PASS,[],null,1454030166,505860417,2754118584,0,205651968,0,0,842475417,9399125,1,12288,null,null,10790625,158684417,5482667,41467904,41467904,4506032,0,4096,1,1,2,1,1,1,442571497472,205660160,436998144,101,303,700571,1386011,100,12,0,0,0,0,0,0,0,0,0,0,0,0,null,null,null,null,8192,141,205524992,205524992,25938000,19176000,6761000,349690376,3297280,6189056,0,864256,4096,1142784,0,624904,4096,0,1003520,16384,1142784,0,633064,4096,0,null,3841542,255313500,996500,41500672,41517056,4538800,0,4096,1,1,2,1,1,1,442571472896,205664256,437006336,0,0,0,0,0,0,0,0,0,0,0,0,0,0,0,0,0,0,null,null,null,null,12288,222,205524992,205524992,24535000,11838000,12697000,399143209,3170304,6189056,0,1003520,16384,1155072,0,632600,4096,0,1003520,16384,1150976,0,628096,4096,0,null
candidate,2,3,full,1,2e6167656e74732f736b696c6c732f6473682d636f64652d7265766965772f534b494c4c2e6d64,11235,0,11235,02b74aa761f28a9dfa903156b3cf778c28c1523256321d903e4776f332392f3c,32,PASS,[],null,1682787833,463838333,2954233292,0,181841920,0,0,1030481375,6770041,1,12288,null,null,11061459,222227208,5646083,41582592,41598976,4604360,0,4096,1,1,2,1,1,1,442571218944,181850112,437030912,113,417,452318,702129,73,23,39,24561,23313,75488,39,218540,21,6,3,9,0,0,null,null,null,null,8192,141,181710848,181710848,27199000,14488000,12712000,410526626,3006464,5414912,0,860160,4096,1146880,0,621424,4096,0,995328,16384,1146880,0,628760,4096,0,null,3781250,208850750,1022500,41598976,41615360,4620744,0,4096,1,1,2,1,1,1,442571210752,181854208,437039104,0,0,0,0,0,0,0,0,0,0,0,0,0,0,0,0,0,0,null,null,null,null,12288,222,181710848,181710848,23957000,16943000,7014000,355986375,3260416,5414912,0,999424,16384,1155072,0,631800,4096,0,999424,16384,1146880,0,632680,4096,0,null
candidate,2,3,full,2,2e6167656e74732f736b696c6c732f6473682d636f64652d7265766965772f534b494c4c2e6d64,11235,0,11235,02b74aa761f28a9dfa903156b3cf778c28c1523256321d903e4776f332392f3c,33,PASS,[],null,1832634834,512374416,3258338583,0,181846016,0,0,1176890584,7435792,1,12288,null,null,11739250,208847958,5593417,41500672,41500672,4506032,0,4096,1,1,2,1,1,1,442570989568,181854208,437063680,113,417,452318,702129,73,23,39,24561,23313,75488,39,207455,21,6,3,9,0,0,null,null,null,null,8192,141,181710848,181710848,27508000,17699000,9809000,453434500,2732032,5398528,0,864256,4096,1150976,0,624528,4096,0,1003520,16384,1163264,0,633056,4096,0,null,4904792,264823292,1015250,41549824,41549824,4555184,0,4096,1,1,2,1,1,1,442570833920,181858304,437071872,0,0,0,0,0,0,0,0,0,0,0,0,0,0,0,0,0,0,null,null,null,null,12288,222,181710848,181710848,25841000,18826000,7016000,414959417,3280896,5398528,0,999424,16384,1159168,0,632216,4096,0,1003520,16384,1155072,0,633792,4096,0,null
control,2,3,full,2,2e6167656e74732f736b696c6c732f6473682d636f64652d7265766965772f534b494c4c2e6d64,11235,0,11235,02b74aa761f28a9dfa903156b3cf778c28c1523256321d903e4776f332392f3c,34,PASS,[],null,1668668625,511028459,3040720917,0,205664256,0,0,905806959,7676417,1,12288,null,null,11502000,215640833,5483083,41828352,41828352,4866480,0,4096,1,1,2,1,1,1,442570780672,205672448,437096448,101,303,700571,1386011,100,12,0,0,0,0,0,0,0,0,0,0,0,0,null,null,null,null,8192,141,205524992,205524992,25539000,15125000,10414000,356684042,3072000,5652480,0,860160,4096,1142784,0,623272,4096,0,999424,16384,1150976,0,631232,4096,0,null,4264625,205926167,1016833,41844736,41861120,4882864,0,4096,1,1,2,1,1,1,442570698752,205676544,437104640,0,0,0,0,0,0,0,0,0,0,0,0,0,0,0,0,0,0,null,null,null,null,12288,222,205524992,205524992,26122000,15934000,10189000,458148208,3551232,5652480,0,999424,16384,1159168,0,631256,4096,0,1003520,16384,1159168,0,636824,4096,0,null
control,2,3,full,3,2e6167656e74732f736b696c6c732f6473682d636f64652d7265766965772f534b494c4c2e6d64,11235,0,11235,02b74aa761f28a9dfa903156b3cf778c28c1523256321d903e4776f332392f3c,35,PASS,[],null,1566566709,458273583,2931363917,0,205668352,0,0,958570750,7656958,1,12288,null,null,11821625,211443417,5501458,41795584,41795584,4833712,0,4096,1,1,2,1,1,1,442570416128,205676544,437129216,101,303,700571,1386011,100,12,0,0,0,0,0,0,0,0,0,0,0,0,null,null,null,null,8192,141,205524992,205524992,27243000,17078000,10165000,452053542,3301376,5656576,0,864256,4096,1150976,0,624360,4096,0,1003520,16384,1159168,0,631832,4096,0,null,5449375,207235167,1275041,41811968,41828352,4850096,0,4096,1,1,2,1,1,1,442570379264,205680640,437137408,0,0,0,0,0,0,0,0,0,0,0,0,0,0,0,0,0,0,null,null,null,null,12288,222,205524992,205524992,25825000,11730000,14095000,407019000,3710976,5656576,0,1003520,16384,1167360,0,635096,4096,0,999424,16384,1175552,0,633288,4096,0,null
candidate,2,3,full,3,2e6167656e74732f736b696c6c732f6473682d636f64652d7265766965772f534b494c4c2e6d64,11235,0,11235,02b74aa761f28a9dfa903156b3cf778c28c1523256321d903e4776f332392f3c,36,PASS,[],null,1847384208,507436583,3328378375,0,181858304,0,0,1180946958,7558750,1,12288,null,null,12029459,213963292,5806834,41500672,41500672,4522440,0,4096,1,1,2,1,1,1,442569854976,181866496,437161984,113,417,452318,702129,73,23,39,24561,23313,75488,39,243792,21,6,3,9,0,0,null,null,null,null,8192,141,181710848,181710848,28694000,23218000,5477000,458522709,3014656,5398528,0,860160,4096,1159168,0,624904,4096,0,999424,16384,1163264,0,629536,4096,0,null,5714125,208743958,1512750,41517056,41533440,4538824,0,4096,1,1,2,1,1,1,442569887744,181870592,437170176,0,0,0,0,0,0,0,0,0,0,0,0,0,0,0,0,0,0,null,null,null,null,12288,222,181710848,181710848,28360000,15841000,12519000,464711791,3190784,5398528,0,999424,16384,1150976,0,631944,4096,0,1003520,16384,1159168,0,635312,4096,0,null
control,3,4,range,1,2e6167656e74732f736b696c6c732f6473682d636f64652d7265766965772f534b494c4c2e6d64,12408,0,4096,bd041a60050f17de6e29a6d0d2f5f4d8d4ab6d3515a4651e57d431339201a9d8,37,PASS,[],null,1486409375,560143208,3024195875,0,205676544,0,0,870497209,7994750,1,16384,null,null,11917000,265206959,6653000,41746432,41746432,4800968,0,4096,1,1,2,1,1,1,442570235904,205684736,437194752,106,318,793098,1570274,105,17,0,0,0,0,0,0,0,0,0,0,0,0,null,null,null,null,8192,140,205524992,205524992,24784000,16812000,7972000,457237292,3436544,5140480,0,864256,4096,1142784,0,623016,4096,0,1019904,20480,1155072,0,631248,4096,0,null,4891709,214870416,1072749,41746432,41762816,4800968,0,4096,1,1,2,1,1,1,442570186752,205688832,437202944,0,0,0,0,0,0,0,0,0,0,0,0,0,0,0,0,0,0,null,null,null,null,12288,221,205524992,205524992,25360000,15239000,10121000,463987791,3317760,5140480,0,1024000,20480,1163264,0,629664,4096,0,1024000,20480,1155072,0,632392,4096,0,null
candidate,3,4,range,1,2e6167656e74732f736b696c6c732f6473682d636f64652d7265766965772f534b494c4c2e6d64,12408,0,4096,bd041a60050f17de6e29a6d0d2f5f4d8d4ab6d3515a4651e57d431339201a9d8,38,PASS,[],null,1757238709,459886750,3227170667,0,181866496,0,0,1096274875,6326667,1,16384,null,null,13127042,218021042,6563875,41566208,41582592,4571568,0,4096,1,1,2,1,1,1,442569871360,181874688,437227520,126,480,514852,796480,74,35,51,28625,26993,108785,51,382126,33,3,4,4,7,0,null,null,null,null,8192,140,181710848,181710848,29098000,15592000,13507000,457582792,3440640,5398528,0,864256,4096,1138688,0,623240,4096,0,1024000,20480,1150976,0,630048,4096,0,null,5790709,256812250,1079084,41566208,41598976,4571568,0,4096,1,1,2,1,1,1,442569797632,181878784,437235712,0,0,0,0,0,0,0,0,0,0,0,0,0,0,0,0,0,0,null,null,null,null,12288,221,181710848,181710848,26745000,16458000,10287000,501213916,3289088,5398528,0,1024000,20480,1146880,0,631616,4096,0,1024000,20480,1146880,0,629904,4096,0,null
candidate,3,4,range,2,2e6167656e74732f736b696c6c732f6473682d636f64652d7265766965772f534b494c4c2e6d64,12408,0,4096,bd041a60050f17de6e29a6d0d2f5f4d8d4ab6d3515a4651e57d431339201a9d8,39,PASS,[],null,1815546792,467346042,3101429625,0,181870592,0,0,1160914834,7363875,1,16384,null,null,11262459,218729417,5571209,41746432,41746432,4768200,0,4096,1,1,2,1,1,1,442569523200,181878784,437260288,126,480,514852,796480,74,35,51,28625,26993,108785,51,281546,33,3,4,4,7,0,null,null,null,null,8192,140,181710848,181710848,26530000,20155000,6375000,414992417,3559424,5947392,0,856064,4096,1138688,0,624288,4096,0,1015808,20480,1150976,0,631648,4096,0,null,4839333,157849167,1119542,41779200,41795584,4800968,0,4096,1,1,2,1,1,1,442569515008,181882880,437268480,0,0,0,0,0,0,0,0,0,0,0,0,0,0,0,0,0,0,null,null,null,null,12288,221,181710848,181710848,25952000,12801000,13151000,356137708,3358720,5947392,0,1019904,20480,1159168,0,633536,4096,0,1015808,20480,1163264,0,633640,4096,0,null
control,3,4,range,2,2e6167656e74732f736b696c6c732f6473682d636f64652d7265766965772f534b494c4c2e6d64,12408,0,4096,bd041a60050f17de6e29a6d0d2f5f4d8d4ab6d3515a4651e57d431339201a9d8,40,PASS,[],null,1691349166,510656458,3175157000,0,205688832,0,0,919592166,8726666,1,16384,null,null,14398791,261593417,6382709,41926656,41926656,4964784,0,4096,1,1,2,1,1,1,442569105408,205697024,437293056,106,318,793098,1570274,105,17,0,0,0,0,0,0,0,0,0,0,0,0,null,null,null,null,8192,140,205524992,205524992,24706000,17447000,7260000,451791125,2957312,5672960,0,860160,4096,1150976,0,625160,4096,0,1024000,20480,1150976,0,630856,4096,0,null,5939583,262136333,1251083,41975808,41975808,5013936,0,4096,1,1,2,1,1,1,442569080832,205701120,437301248,0,0,0,0,0,0,0,0,0,0,0,0,0,0,0,0,0,0,null,null,null,null,12288,221,205524992,205524992,25862000,14460000,11401000,463859042,3186688,5672960,0,1024000,20480,1163264,0,634224,4096,0,1024000,20480,1155072,0,632248,4096,0,null
control,3,4,range,3,2e6167656e74732f736b696c6c732f6473682d636f64652d7265766965772f534b494c4c2e6d64,12408,0,4096,bd041a60050f17de6e29a6d0d2f5f4d8d4ab6d3515a4651e57d431339201a9d8,41,PASS,[],null,1551628334,569825500,3101992459,0,205692928,0,0,884130625,8466375,1,16384,null,null,13619667,217585167,7163833,41730048,41730048,4768176,0,4096,1,1,2,1,1,1,442568679424,205701120,437325824,106,318,793098,1570274,105,17,0,0,0,0,0,0,0,0,0,0,0,0,null,null,null,null,8192,140,205524992,205524992,29156000,18314000,10841000,462119833,3563520,5881856,0,860160,4096,1155072,0,625080,4096,0,1015808,20480,1155072,0,631288,4096,0,null,4869667,214687500,1090417,41762816,41762816,4800944,0,4096,1,1,2,1,1,1,442568667136,205705216,437334016,0,0,0,0,0,0,0,0,0,0,0,0,0,0,0,0,0,0,null,null,null,null,12288,221,205524992,205524992,26636000,16777000,9859000,462605250,3215360,5881856,0,1019904,20480,1167360,0,632992,4096,0,1019904,20480,1159168,0,635072,4096,0,null
candidate,3,4,range,3,2e6167656e74732f736b696c6c732f6473682d636f64652d7265766965772f534b494c4c2e6d64,12408,0,4096,bd041a60050f17de6e29a6d0d2f5f4d8d4ab6d3515a4651e57d431339201a9d8,42,PASS,[],null,1849372000,571037875,3450983958,0,181882880,0,0,1190962750,12855042,1,16384,null,null,13080625,270589875,6103709,41533440,41549824,4538800,0,4096,1,1,2,1,1,1,442569478144,181891072,437358592,126,480,514852,796480,74,35,51,28625,26993,108785,51,291705,33,3,4,4,7,0,null,null,null,null,8192,140,181710848,181710848,28723000,15572000,13151000,508825292,3543040,5423104,0,864256,4096,1142784,0,622488,4096,0,1024000,20480,1146880,0,628968,4096,0,null,6472625,267188625,1388292,41549824,41566208,4555184,0,4096,1,1,2,1,1,1,442569461760,181895168,437366784,0,0,0,0,0,0,0,0,0,0,0,0,0,0,0,0,0,0,null,null,null,null,12288,221,181710848,181710848,25759000,16048000,9711000,461331709,3100672,5423104,0,1024000,20480,1146880,0,630224,4096,0,1019904,20480,1159168,0,632048,4096,0,null
control,3,4,full,1,2e6167656e74732f736b696c6c732f6473682d636f64652d7265766965772f534b494c4c2e6d64,12408,0,12408,a09a4d51830463b52975444d78f6dc75613f17fdc1475ad65068af0750800d3c,43,PASS,[],null,1611460417,568398916,3148986792,0,205701120,0,0,906173500,6628291,1,16384,null,null,12127625,267802792,6140875,41746432,41746432,4784560,0,4096,1,1,2,1,1,1,442569371648,205709312,437391360,106,318,793098,1570274,105,17,0,0,0,0,0,0,0,0,0,0,0,0,null,null,null,null,8192,141,205524992,205524992,27373000,15082000,12291000,512536708,3559424,5656576,0,864256,4096,1150976,0,625120,4096,0,1024000,20480,1150976,0,629608,4096,0,null,4551208,210908791,1200333,41762816,41762816,4800944,0,4096,1,1,2,1,1,1,442569293824,205713408,437399552,0,0,0,0,0,0,0,0,0,0,0,0,0,0,0,0,0,0,null,null,null,null,12288,222,205524992,205524992,25524000,14876000,10649000,408313375,3194880,5656576,0,1024000,20480,1155072,0,631792,4096,0,1019904,20480,1150976,0,633920,4096,0,null
candidate,3,4,full,1,2e6167656e74732f736b696c6c732f6473682d636f64652d7265766965772f534b494c4c2e6d64,12408,0,12408,a09a4d51830463b52975444d78f6dc75613f17fdc1475ad65068af0750800d3c,44,PASS,[],null,1729556084,512824833,3320982042,0,181891072,0,0,1075534084,8114875,1,16384,null,null,11722833,267074084,6103583,41615360,41615360,4637128,0,4096,1,1,2,1,1,1,442568916992,181899264,437424128,126,480,514852,796480,74,35,51,28625,26993,108785,51,284372,33,3,4,4,7,0,null,null,null,null,8192,141,181710848,181710848,27971000,16705000,11266000,510204416,3321856,5660672,0,860160,4096,1146880,0,625368,4096,0,1019904,20480,1163264,0,632648,4096,0,null,5899750,265250333,1306875,41631744,41648128,4653512,0,4096,1,1,2,1,1,1,442568871936,181903360,437432320,0,0,0,0,0,0,0,0,0,0,0,0,0,0,0,0,0,0,null,null,null,null,12288,222,181710848,181710848,26371000,15835000,10536000,514912043,3334144,5660672,0,1015808,20480,1163264,0,633224,4096,0,1019904,20480,1171456,0,633936,4096,0,null
candidate,3,4,full,2,2e6167656e74732f736b696c6c732f6473682d636f64652d7265766965772f534b494c4c2e6d64,12408,0,12408,a09a4d51830463b52975444d78f6dc75613f17fdc1475ad65068af0750800d3c,45,PASS,[],null,1800620750,566834250,3402795041,0,181895168,0,0,1139249250,8565041,1,16384,null,null,13643084,267118583,7230166,41615360,41631744,4620720,0,4096,1,1,2,1,1,1,442568744960,181903360,437456896,126,480,514852,796480,74,35,51,28625,26993,108785,51,337374,33,3,4,4,7,0,null,null,null,null,8192,141,181710848,181710848,27590000,16947000,10644000,512814250,3072000,5705728,0,860160,4096,1134592,0,624352,4096,0,1019904,20480,1150976,0,630712,4096,0,null,5547500,264037166,1174792,41631744,41631744,4637104,0,4096,1,1,2,1,1,1,442568728576,181907456,437465088,0,0,0,0,0,0,0,0,0,0,0,0,0,0,0,0,0,0,null,null,null,null,12288,222,181710848,181710848,28586000,20451000,8135000,463285833,3530752,5705728,0,1024000,20480,1146880,0,632352,4096,0,1019904,20480,1150976,0,631488,4096,0,null
control,3,4,full,2,2e6167656e74732f736b696c6c732f6473682d636f64652d7265766965772f534b494c4c2e6d64,12408,0,12408,a09a4d51830463b52975444d78f6dc75613f17fdc1475ad65068af0750800d3c,46,PASS,[],null,1723308625,515834791,3275333125,0,205713408,0,0,955806750,8345000,1,16384,null,null,12984125,261611708,6589166,41844736,41844736,4882864,0,4096,1,1,2,1,1,1,442568466432,205721600,437489664,106,318,793098,1570274,105,17,0,0,0,0,0,0,0,0,0,0,0,0,null,null,null,null,8192,141,205524992,205524992,26780000,11698000,15081000,460314708,3284992,5689344,0,860160,4096,1138688,0,624376,4096,0,1019904,20480,1150976,0,633480,4096,0,null,5061083,262060459,1195750,41877504,41877504,4915632,0,4096,1,1,2,1,1,1,442568417280,205725696,437497856,0,0,0,0,0,0,0,0,0,0,0,0,0,0,0,0,0,0,null,null,null,null,12288,222,205524992,205524992,26055000,16699000,9357000,518136709,2838528,5689344,0,1024000,20480,1155072,0,633800,4096,0,1024000,20480,1150976,0,635416,4096,0,null
control,3,4,full,3,2e6167656e74732f736b696c6c732f6473682d636f64652d7265766965772f534b494c4c2e6d64,12408,0,12408,a09a4d51830463b52975444d78f6dc75613f17fdc1475ad65068af0750800d3c,47,PASS,[],null,1801560125,466234708,3346311250,0,205717504,0,0,969145083,7194792,1,16384,null,null,12377792,260393292,6475083,41795584,41795584,4833712,0,4096,1,1,1,1,1,1,442568445952,205725696,437522432,106,318,793098,1570274,105,17,0,0,0,0,0,0,0,0,0,0,0,0,null,null,null,null,8192,141,205524992,205524992,25767000,14812000,10955000,499591041,3100672,5955584,0,864256,4096,1138688,0,623016,4096,0,1019904,20480,1163264,0,629608,4096,0,null,5201958,264048875,1229666,41795584,41811968,4833712,0,4096,1,1,2,1,1,1,442568417280,205729792,437530624,0,0,0,0,0,0,0,0,0,0,0,0,0,0,0,0,0,0,null,null,null,null,12288,222,205524992,205524992,26395000,15842000,10554000,516428542,3551232,5955584,0,1019904,20480,1150976,0,625616,4096,0,1024000,20480,1167360,0,633360,4096,0,null
candidate,3,4,full,3,2e6167656e74732f736b696c6c732f6473682d636f64652d7265766965772f534b494c4c2e6d64,12408,0,12408,a09a4d51830463b52975444d78f6dc75613f17fdc1475ad65068af0750800d3c,48,PASS,[],null,1855712125,505085625,3396929792,0,181907456,0,0,1131977125,8740042,1,16384,null,null,25695625,222793583,9200376,41779200,41779200,4800968,0,4096,1,1,1,1,1,1,442573729792,181915648,437555200,126,480,514852,796480,74,35,51,28625,26993,108785,51,504623,33,3,4,4,7,0,null,null,null,null,8192,141,181710848,181710848,34042000,16509000,17534000,446328000,3354624,5423104,0,860160,4096,1138688,0,624144,4096,0,1015808,20480,1155072,0,629520,4096,0,null,6650250,265352750,1297500,41811968,41811968,4833736,0,4096,1,1,2,1,1,1,442573066240,181919744,437563392,0,0,0,0,0,0,0,0,0,0,0,0,0,0,0,0,0,0,null,null,null,null,12288,222,181710848,181710848,27755000,13796000,13958000,516031792,3383296,5423104,0,1019904,20480,1150976,0,631360,4096,0,1019904,20480,1155072,0,630192,4096,0,null
control,4,5,range,1,2e6769746875622f776f726b666c6f77732f63692e796d6c,4320,0,4096,714eed63f3e22a2190fb9ce121f8dd2ff4c413fd24759505e87ba06fdd2ecf36,49,PASS,[],null,1555750750,459735917,3102855083,0,205725696,0,0,897211625,8695875,0,0,null,null,12009542,267932125,6069875,41500672,41500672,4538800,0,4096,1,1,2,1,1,1,442573344768,205733888,437587968,103,309,686996,1363084,102,18,0,0,0,0,0,0,0,0,0,0,0,0,null,null,null,null,8192,140,205524992,205524992,28743000,20245000,8498000,514258375,2981888,5685248,0,860160,4096,1146880,0,619616,4096,0,987136,12288,1150976,0,630128,4096,0,null,5143958,267366000,1193291,41566208,41582592,4604336,0,4096,1,1,2,1,1,1,442573246464,205737984,437596160,0,0,0,0,0,0,0,0,0,0,0,0,0,0,0,0,0,0,null,null,null,null,12288,221,205524992,205524992,25698000,16780000,8917000,512023832,3264512,5685248,0,987136,12288,1159168,0,632480,4096,0,983040,12288,1163264,0,633672,4096,0,null
candidate,4,5,range,1,2e6769746875622f776f726b666c6f77732f63692e796d6c,4320,0,4096,714eed63f3e22a2190fb9ce121f8dd2ff4c413fd24759505e87ba06fdd2ecf36,50,PASS,[],null,1782942959,454375041,3047000792,0,181915648,0,0,1172087417,6460375,0,0,null,null,10337708,207691500,5284250,41582592,41582592,4604360,0,4096,1,1,2,1,1,1,442572853248,181923840,437620736,131,509,460981,715160,72,45,58,28702,26846,115653,58,276457,41,2,4,2,3,6,null,null,null,null,8192,140,181710848,181710848,26046000,20073000,5973000,403050458,3526656,5410816,0,864256,4096,1142784,0,622584,4096,0,983040,12288,1146880,0,629768,4096,0,null,4368292,203910792,993543,41598976,41615360,4620744,0,4096,1,1,2,1,1,1,442572808192,181927936,437628928,0,0,0,0,0,0,0,0,0,0,0,0,0,0,0,0,0,0,null,null,null,null,12288,221,181710848,181710848,24851000,14464000,10387000,354981917,3260416,5410816,0,987136,12288,1150976,0,632384,4096,0,987136,12288,1146880,0,629312,4096,0,null
candidate,4,5,range,2,2e6769746875622f776f726b666c6f77732f63692e796d6c,4320,0,4096,714eed63f3e22a2190fb9ce121f8dd2ff4c413fd24759505e87ba06fdd2ecf36,51,PASS,[],null,1760705375,519792166,3388918084,0,181919744,0,0,1137352500,8126916,0,0,null,null,14809375,274614584,7754000,41779200,41779200,4784560,0,4096,1,1,2,1,1,1,442572619776,181927936,437653504,131,509,460981,715160,72,45,58,28702,26846,115653,58,391914,41,2,4,2,3,6,null,null,null,null,8192,140,181710848,181710848,29143000,18690000,10453000,520418000,2973696,5402624,0,860160,4096,1146880,0,625224,4096,0,978944,12288,1163264,0,631888,4096,0,null,6416667,272236208,1257083,41828352,41828352,4833712,0,4096,1,1,2,1,1,1,442572546048,181932032,437661696,0,0,0,0,0,0,0,0,0,0,0,0,0,0,0,0,0,0,null,null,null,null,12288,221,181710848,181710848,27955000,16019000,11936000,516659042,3018752,5402624,0,978944,12288,1163264,0,631328,4096,0,983040,12288,1163264,0,634656,4096,0,null
control,4,5,range,2,2e6769746875622f776f726b666c6f77732f63692e796d6c,4320,0,4096,714eed63f3e22a2190fb9ce121f8dd2ff4c413fd24759505e87ba06fdd2ecf36,52,PASS,[],null,1555430500,518298666,3155961416,0,205737984,0,0,885572959,9046750,0,0,null,null,13636875,267027042,7527375,41779200,41779200,4817328,0,4096,1,1,2,1,1,1,442572533760,205746176,437686272,103,309,686996,1363084,102,18,0,0,0,0,0,0,0,0,0,0,0,0,null,null,null,null,8192,140,205524992,205524992,27279000,19216000,8064000,502166458,3264512,5697536,0,860160,4096,1134592,0,625752,4096,0,987136,12288,1155072,0,627864,4096,0,null,5507708,265718541,1331459,41811968,41811968,4850096,0,4096,1,1,2,1,1,1,442572394496,205750272,437694464,0,0,0,0,0,0,0,0,0,0,0,0,0,0,0,0,0,0,null,null,null,null,12288,221,205524992,205524992,27858000,18262000,9595000,512154625,3104768,5697536,0,987136,12288,1155072,0,630384,4096,0,987136,12288,1155072,0,631136,4096,0,null
control,4,5,range,3,2e6769746875622f776f726b666c6f77732f63692e796d6c,4320,0,4096,714eed63f3e22a2190fb9ce121f8dd2ff4c413fd24759505e87ba06fdd2ecf36,53,PASS,[],null,1706260750,454290875,3022856041,0,205742080,0,0,925972167,6271542,0,0,null,null,12493292,166551333,6712459,41615360,41615360,4653488,0,4096,1,1,2,1,1,1,442572660736,205750272,437719040,103,309,686996,1363084,102,18,0,0,0,0,0,0,0,0,0,0,0,0,null,null,null,null,8192,140,205524992,205524992,28243000,19559000,8684000,406879792,2928640,5926912,0,864256,4096,1134592,0,624000,4096,0,987136,12288,1150976,0,632392,4096,0,null,4142583,152165750,960583,41631744,41631744,4669872,0,4096,1,1,2,1,1,1,442572582912,205754368,437727232,0,0,0,0,0,0,0,0,0,0,0,0,0,0,0,0,0,0,null,null,null,null,12288,221,205524992,205524992,23818000,16251000,7566000,401699167,3407872,5926912,0,987136,12288,1150976,0,629120,4096,0,987136,12288,1150976,0,630904,4096,0,null
candidate,4,5,range,3,2e6769746875622f776f726b666c6f77732f63692e796d6c,4320,0,4096,714eed63f3e22a2190fb9ce121f8dd2ff4c413fd24759505e87ba06fdd2ecf36,54,PASS,[],null,1945048584,515253959,3498205625,0,181932032,0,0,1226687166,6817625,0,0,null,null,10920958,267163958,5910209,41697280,41713664,4719048,0,4096,1,1,2,1,1,1,442572427264,181940224,437751808,131,509,460981,715160,72,45,58,28702,26846,115653,58,279334,41,2,4,2,3,6,null,null,null,null,8192,140,181710848,181710848,27370000,15450000,11920000,465890458,2887680,5648384,0,860160,4096,1146880,0,623592,4096,0,983040,12288,1155072,0,631152,4096,0,null,5317333,263130584,1376916,41730048,41730048,4751816,0,4096,1,1,2,1,1,1,442572279808,181944320,437760000,0,0,0,0,0,0,0,0,0,0,0,0,0,0,0,0,0,0,null,null,null,null,12288,221,181710848,181710848,26655000,17060000,9595000,513807501,2949120,5648384,0,987136,12288,1159168,0,632928,4096,0,983040,12288,1159168,0,634016,4096,0,null
control,4,5,full,1,2e6769746875622f776f726b666c6f77732f63692e796d6c,4320,0,4320,b6b80fd015f65f3e359cd0639556124774552f1582a55903445ad6ef2b0eb6bb,55,PASS,[],null,1603264250,575276083,3155639666,0,205750272,0,0,921025291,7485584,0,0,null,null,11464625,266745833,6416833,41631744,41631744,4686280,0,4096,1,1,2,1,1,1,442572034048,205758464,437784576,103,309,686996,1363084,102,18,0,0,0,0,0,0,0,0,0,0,0,0,null,null,null,null,8192,140,205524992,205524992,26416000,17284000,9133000,511466667,3133440,5668864,0,860160,4096,1134592,0,622984,4096,0,987136,12288,1146880,0,624696,4096,0,null,5940583,212982916,1440666,41648128,41648128,4702664,0,4096,1,1,2,1,1,1,442571952128,205762560,437792768,0,0,0,0,0,0,0,0,0,0,0,0,0,0,0,0,0,0,null,null,null,null,12288,221,205524992,205524992,25829000,15284000,10545000,403470375,3256320,5668864,0,987136,12288,1142784,0,628984,4096,0,987136,12288,1150976,0,629472,4096,0,null
candidate,4,5,full,1,2e6769746875622f776f726b666c6f77732f63692e796d6c,4320,0,4320,b6b80fd015f65f3e359cd0639556124774552f1582a55903445ad6ef2b0eb6bb,56,PASS,[],null,2014769875,506702041,3399289333,0,181940224,0,0,1186417125,8607667,0,0,null,null,11242625,165783500,6531333,41631744,41648128,4653512,0,4096,1,1,2,1,1,1,442572009472,181948416,437817344,131,509,460981,715160,72,45,58,28702,26846,115653,58,321625,41,2,4,2,3,6,null,null,null,null,8192,140,181710848,181710848,25261000,15653000,9608000,360310374,3227648,5656576,0,864256,4096,1155072,0,623488,4096,0,987136,12288,1163264,0,627352,4096,0,null,6816083,259638667,1460583,41697280,41697280,4719048,0,4096,1,1,2,1,1,1,442571980800,181952512,437825536,0,0,0,0,0,0,0,0,0,0,0,0,0,0,0,0,0,0,null,null,null,null,12288,221,181710848,181710848,25373000,13634000,11739000,455160417,2985984,5656576,0,983040,12288,1175552,0,633112,4096,0,983040,12288,1171456,0,632768,4096,0,null
candidate,4,5,full,2,2e6769746875622f776f726b666c6f77732f63692e796d6c,4320,0,4320,b6b80fd015f65f3e359cd0639556124774552f1582a55903445ad6ef2b0eb6bb,57,PASS,[],null,1673544083,506829375,3002139042,0,181944320,0,0,1125909084,7557208,0,0,null,null,9665875,163170917,5180999,41631744,41648128,4653512,0,4096,1,1,2,1,1,1,442571730944,181952512,437850112,131,509,460981,715160,72,45,58,28702,26846,115653,58,266001,41,2,4,2,3,6,null,null,null,null,8192,140,181710848,181710848,23818000,13659000,10159000,356153584,3309568,5398528,0,860160,4096,1138688,0,626064,4096,0,983040,12288,1159168,0,631376,4096,0,null,5311417,162163709,1134959,41648128,41664512,4669896,0,4096,1,1,2,1,1,1,442571718656,181956608,437858304,0,0,0,0,0,0,0,0,0,0,0,0,0,0,0,0,0,0,null,null,null,null,12288,221,181710848,181710848,24668000,13389000,11278000,409915833,3182592,5398528,0,978944,12288,1155072,0,632184,4096,0,983040,12288,1146880,0,634312,4096,0,null
control,4,5,full,2,2e6769746875622f776f726b666c6f77732f63692e796d6c,4320,0,4320,b6b80fd015f65f3e359cd0639556124774552f1582a55903445ad6ef2b0eb6bb,58,PASS,[],null,1813324833,515667833,3204933875,0,205762560,0,0,973503083,7624375,0,0,null,null,10585875,211781167,5522625,41779200,41795584,4833736,0,4096,1,1,2,1,1,1,442572374016,205770752,437882880,103,309,686996,1363084,102,18,0,0,0,0,0,0,0,0,0,0,0,0,null,null,null,null,8192,140,205524992,205524992,23807000,14474000,9334000,353361958,3301376,5656576,0,864256,4096,1150976,0,624040,4096,0,983040,12288,1159168,0,630064,4096,0,null,4751084,264226041,1309459,41828352,41844736,4882888,0,4096,1,1,2,1,1,1,442572357632,205774848,437891072,0,0,0,0,0,0,0,0,0,0,0,0,0,0,0,0,0,0,null,null,null,null,12288,221,205524992,205524992,24229000,17809000,6421000,464353125,3117056,5656576,0,987136,12288,1163264,0,629968,4096,0,987136,12288,1167360,0,632008,4096,0,null
control,4,5,full,3,2e6769746875622f776f726b666c6f77732f63692e796d6c,4320,0,4320,b6b80fd015f65f3e359cd0639556124774552f1582a55903445ad6ef2b0eb6bb,59,PASS,[],null,1641969875,571800583,3204080959,0,205766656,0,0,968927083,7617709,0,0,null,null,12558417,216167208,6580500,41517056,41517056,4555184,0,4096,1,1,2,1,1,1,442572300288,205774848,437915648,103,309,686996,1363084,102,18,0,0,0,0,0,0,0,0,0,0,0,0,null,null,null,null,8192,140,205524992,205524992,28025000,17956000,10070000,456630333,3088384,5402624,0,864256,4096,1142784,0,625416,4096,0,987136,12288,1146880,0,631120,4096,0,null,7097625,216836000,1444834,41533440,41549824,4571568,0,4096,1,1,2,1,1,1,442572226560,205778944,437923840,0,0,0,0,0,0,0,0,0,0,0,0,0,0,0,0,0,0,null,null,null,null,12288,221,205524992,205524992,27278000,17826000,9451000,468717708,3493888,5402624,0,983040,12288,1150976,0,632480,4096,0,983040,12288,1150976,0,634440,4096,0,null
candidate,4,5,full,3,2e6769746875622f776f726b666c6f77732f63692e796d6c,4320,0,4320,b6b80fd015f65f3e359cd0639556124774552f1582a55903445ad6ef2b0eb6bb,60,PASS,[],null,1804222959,509433584,3133526208,0,181956608,0,0,1145343958,7015583,0,0,null,null,12039542,211203458,5580000,41631744,41631744,4653512,0,4096,1,1,2,1,1,1,442572070912,181964800,437948416,131,509,460981,715160,72,45,58,28702,26846,115653,58,294122,41,2,4,2,3,6,null,null,null,null,8192,140,181710848,181710848,28057000,15573000,12483000,404091833,3305472,5664768,0,864256,4096,1150976,0,623408,4096,0,987136,12288,1163264,0,630448,4096,0,null,4467083,157031708,956624,41680896,41680896,4702664,0,4096,1,1,2,1,1,1,442572058624,181968896,437956608,0,0,0,0,0,0,0,0,0,0,0,0,0,0,0,0,0,0,null,null,null,null,12288,221,181710848,181710848,25365000,16060000,9304000,356479457,3407872,5664768,0,983040,12288,1159168,0,628112,4096,0,987136,12288,1163264,0,632432,4096,0,null
