family,case,elapsed_ns,pending_duplicate_objects,pending_duplicate_bytes,cross_batch_skipped_objects,cross_batch_skipped_bytes,conflict_read_ns,sql_commit_ns,total_count,sql_returned_ids,slab_consumer_idle_ns,slab_send_blocked_ns,direct_pipeline_wall_ns,producer_blocked_max_ns,user_cpu_ns,system_cpu_ns,lifetime_peak_rss_bytes,sampled_rss_peak_bytes,store_allocated_bytes,raw_path,sha256
dedup_cdc_locality,dedup-cdc-common-body-1,6691667,55,770414,0,0,10584,1641666,1,92,1359334,483000,3678208,483000,8374125,24588375,16596992,15187968,1413120,/Users/yifanxu/Ephemeral-AI-Lab/layerfs-issue91-runs/r26-full-benchmark-final/performance/dedup_cdc_locality/dedup-cdc-common-body-1/perf.jsonl,0474c9565932ff05b34a1edc09422960547a4a8d913cf209d2188e726f40954f
dedup_cdc_locality,dedup-cdc-common-body-10,25391000,106,2022664,292,5496376,7609961,5985750,1,265,1145120,4668420,17729917,1815877,34905792,35773334,25640960,25477120,4165632,/Users/yifanxu/Ephemeral-AI-Lab/layerfs-issue91-runs/r26-full-benchmark-final/performance/dedup_cdc_locality/dedup-cdc-common-body-10/perf.jsonl,60b33a71a6697fab0ed2912e028b04403d7a27906d2cb7c4f34f8a7264bf4db9
dedup_cdc_locality,dedup-cdc-common-body-100,189509833,695,13546323,3158,62319728,88007629,40284040,8,1916,2196586,1066531250,184921792,155825797,286057000,92369958,60555264,59785216,30703616,/Users/yifanxu/Ephemeral-AI-Lab/layerfs-issue91-runs/r26-full-benchmark-final/performance/dedup_cdc_locality/dedup-cdc-common-body-100/perf.jsonl,ea2b4b283e01d9c99de1bc1451a03b6e59301fe7e5a7c59e3c1e6491205e907e
dedup_cdc_locality,dedup-cdc-common-body-500,990060125,1982,39642965,17070,339970483,524256602,175974958,36,9254,5281367,6911275004,982288167,877972375,1462594625,350177000,63864832,63897600,149803008,/Users/yifanxu/Ephemeral-AI-Lab/layerfs-issue91-runs/r26-full-benchmark-final/performance/dedup_cdc_locality/dedup-cdc-common-body-500/perf.jsonl,323963136c67180e95de324887fcd759c70d30bbda47ab96a0344a8d32a46e3c
dedup_cdc_locality,dedup-cdc-delete-1,6297917,64,937391,0,0,7752,1461083,1,83,1328834,485875,2915083,485875,8663375,27192500,16596992,15368192,1241088,/Users/yifanxu/Ephemeral-AI-Lab/layerfs-issue91-runs/r26-full-benchmark-final/performance/dedup_cdc_locality/dedup-cdc-delete-1/perf.jsonl,405892ab02aad033b9f75b1b641c5a029217785a7bc654c442b746c037e8a2ce
dedup_cdc_locality,dedup-cdc-delete-10,19955209,201,3444702,326,6490581,9082333,2431791,1,131,2016454,3121876,16181625,1149500,32603541,30081208,21250048,21069824,1671168,/Users/yifanxu/Ephemeral-AI-Lab/layerfs-issue91-runs/r26-full-benchmark-final/performance/dedup_cdc_locality/dedup-cdc-delete-10/perf.jsonl,d07187b2e84483f896b7e33e908babdfb4d91b538f180daa236afcd733b7d44d
dedup_cdc_locality,dedup-cdc-delete-100,150029916,853,15782731,4342,85686808,119406747,5809042,2,529,2606632,827513828,141552209,113638915,284247875,61308125,30441472,29982720,4329472,/Users/yifanxu/Ephemeral-AI-Lab/layerfs-issue91-runs/r26-full-benchmark-final/performance/dedup_cdc_locality/dedup-cdc-delete-100/perf.jsonl,e325d84104cd31dcdd8419cb25ac4ae7aa3d5382851cb999baa5071fa70c53de
dedup_cdc_locality,dedup-cdc-delete-500,765470333,2490,48494881,23452,462562085,659526924,15269458,4,2154,5876399,5152745309,759557500,655958332,1422206958,169320334,41533440,41418752,14225408,/Users/yifanxu/Ephemeral-AI-Lab/layerfs-issue91-runs/r26-full-benchmark-final/performance/dedup_cdc_locality/dedup-cdc-delete-500/perf.jsonl,d92b27e0d92a69aa46745e6e0b77fe631e03efce102d6d1cd29f15cba8c450f0
dedup_cdc_locality,dedup-cdc-insert-1,5957917,71,1029516,0,0,6291,1296417,1,81,1314002,0,2880583,0,8292333,23611375,16809984,16662528,1155072,/Users/yifanxu/Ephemeral-AI-Lab/layerfs-issue91-runs/r26-full-benchmark-final/performance/dedup_cdc_locality/dedup-cdc-insert-1/perf.jsonl,46c2273cdf82d24762c41150f168a243cde49cd4a640e72c9fbd3167c7baa530
dedup_cdc_locality,dedup-cdc-insert-10,19470709,160,2577306,392,7494814,10178997,2017666,1,130,1274502,5434416,14795291,2402291,32781167,28931083,20250624,20283392,1609728,/Users/yifanxu/Ephemeral-AI-Lab/layerfs-issue91-runs/r26-full-benchmark-final/performance/dedup_cdc_locality/dedup-cdc-insert-10/perf.jsonl,33b43a41906c0d046bb50d6a63736d02d81f21add352c8ff06f0dd7eba77ef20
dedup_cdc_locality,dedup-cdc-insert-100,158100250,768,13578030,4627,88180864,124485410,7239166,2,562,2604110,917745327,154161750,129843080,290046875,61355583,30801920,30212096,4882432,/Users/yifanxu/Ephemeral-AI-Lab/layerfs-issue91-runs/r26-full-benchmark-final/performance/dedup_cdc_locality/dedup-cdc-insert-100/perf.jsonl,e04e4b3c72ea88b55b151a66ecc22a0e711ebd680ca16399651866323787b232
dedup_cdc_locality,dedup-cdc-insert-500,775264250,2603,48552801,24345,464454846,660879541,19215540,4,2284,6139301,5253642375,767955917,666433630,1418512958,177246542,44318720,43646976,16080896,/Users/yifanxu/Ephemeral-AI-Lab/layerfs-issue91-runs/r26-full-benchmark-final/performance/dedup_cdc_locality/dedup-cdc-insert-500/perf.jsonl,4e4765d68fb508b0e8ea64f1053aa179f7db86823efb484fba21a1862fe6b791
dedup_cdc_locality,dedup-cdc-overwrite-1,7247375,70,1031905,0,0,8417,2146916,1,80,1659875,0,3112833,0,8364750,26597250,15302656,14581760,1150976,/Users/yifanxu/Ephemeral-AI-Lab/layerfs-issue91-runs/r26-full-benchmark-final/performance/dedup_cdc_locality/dedup-cdc-overwrite-1/perf.jsonl,5d94c70ea5cb45525717be1b3df2b26904676ffab21508223227bf4247ee6ac5
dedup_cdc_locality,dedup-cdc-overwrite-10,19061417,181,2999460,373,7299401,10289960,2330916,1,116,1394537,1269289,15111375,840456,32638834,28902083,18382848,17039360,1343488,/Users/yifanxu/Ephemeral-AI-Lab/layerfs-issue91-runs/r26-full-benchmark-final/performance/dedup_cdc_locality/dedup-cdc-overwrite-10/perf.jsonl,db0bf38ad6b1ea5a133201e7c4003d2022ca629ab261aff83a0e7a3b9e2e5e60
dedup_cdc_locality,dedup-cdc-overwrite-100,143658542,1127,20629650,4230,82149803,114359091,5666167,1,478,2942213,743885006,135434667,106173334,279376500,64269959,29048832,28884992,3420160,/Users/yifanxu/Ephemeral-AI-Lab/layerfs-issue91-runs/r26-full-benchmark-final/performance/dedup_cdc_locality/dedup-cdc-overwrite-100/perf.jsonl,70c9e72aca5109104f1441f803c964d1243304cf566f000fe98d9136d87309fc
dedup_cdc_locality,dedup-cdc-overwrite-500,769798750,2731,51525499,23813,462750490,662763721,14658541,4,2099,7130203,5167378118,759689000,656031288,1428857625,167950250,40501248,39845888,13066240,/Users/yifanxu/Ephemeral-AI-Lab/layerfs-issue91-runs/r26-full-benchmark-final/performance/dedup_cdc_locality/dedup-cdc-overwrite-500/perf.jsonl,8c3af77001850fcbd72e9c831328fd16102cb9fb570dced0ec5ec837fbae23b8
dedup_cdc_locality,dedup-cdc-scattered-1,8233292,17,1385,0,0,10417,2695250,1,139,979459,399417,3757541,201875,9368042,25459292,18284544,16760832,2199552,/Users/yifanxu/Ephemeral-AI-Lab/layerfs-issue91-runs/r26-full-benchmark-final/performance/dedup_cdc_locality/dedup-cdc-scattered-1/perf.jsonl,22c03b6aabbd769f0f4dc203b0676715fff54b2de68e0e115ed97b7319056da6
dedup_cdc_locality,dedup-cdc-scattered-10,34552500,7,581,17,1385,135671,15371124,3,677,1063042,19297664,28666792,14103872,34629667,37489000,35061760,31031296,11751424,/Users/yifanxu/Ephemeral-AI-Lab/layerfs-issue91-runs/r26-full-benchmark-final/performance/dedup_cdc_locality/dedup-cdc-scattered-10/perf.jsonl,fa16f5d7f055187264c98b5caa2a876253424179128468fbb857df2c7986caf1
dedup_cdc_locality,dedup-cdc-scattered-100,306408500,14,1162,45,3709,496670,157683748,26,6070,1818923,1852902626,299581833,271490535,295460334,204093250,63717376,63750144,107343872,/Users/yifanxu/Ephemeral-AI-Lab/layerfs-issue91-runs/r26-full-benchmark-final/performance/dedup_cdc_locality/dedup-cdc-scattered-100/perf.jsonl,9e26b0f55415b6e1336e7e2167412965aab6f09a1a63df5c47ed62434a71d57f
dedup_cdc_locality,dedup-cdc-scattered-500,1332843667,7,581,52,4290,1913273,577556083,129,30048,8446993,9585593802,1323618083,1216242805,1486395042,698027375,66027520,66060288,538374144,/Users/yifanxu/Ephemeral-AI-Lab/layerfs-issue91-runs/r26-full-benchmark-final/performance/dedup_cdc_locality/dedup-cdc-scattered-500/perf.jsonl,ac8b509820ec9077bcdf451193648234516bc9f92143b501205a81746a17426f
dedup_cross_file,dedup-cross-file-anchor-1,6507500,10,804,0,0,8584,1394666,1,79,1759624,0,3091292,0,6676958,23218625,14630912,14073856,1130496,/Users/yifanxu/Ephemeral-AI-Lab/layerfs-issue91-runs/r26-full-benchmark-final/performance/dedup_cross_file/dedup-cross-file-anchor-1/perf.jsonl,8c372cd7e5a1c53620e1e0a10230732d8b1e2fec0449489d6d9845e580ed3ffb
dedup_cross_file,dedup-cross-file-identical-10,19477583,137,1657093,420,7815001,10976541,1859875,1,79,1731044,2672876,16300958,1432418,31653833,29030458,18874368,17793024,1130496,/Users/yifanxu/Ephemeral-AI-Lab/layerfs-issue91-runs/r26-full-benchmark-final/performance/dedup_cross_file/dedup-cross-file-identical-10/perf.jsonl,73386cacf74b397380ec0ecf3b9f5ee97120ab33a1ccf0a1c2fb7941ed7ff1a6
dedup_cross_file,dedup-cross-file-identical-100,125687167,1959,28811662,4040,75371008,104742454,2710625,1,79,2672868,619123415,121177958,93475080,261073916,61463666,23248896,23085056,1134592,/Users/yifanxu/Ephemeral-AI-Lab/layerfs-issue91-runs/r26-full-benchmark-final/performance/dedup_cross_file/dedup-cross-file-identical-100/perf.jsonl,e509ac0a0c614a9f3f1c7bb6b3716bc6e19e8965e6644660f54f8f3a029c1556
dedup_cross_file,dedup-cross-file-identical-500,682648958,5679,71940105,24320,453162965,619248985,761083,1,89,7385785,4528772990,677461750,573253129,1354259167,158687042,24018944,22921216,2101248,/Users/yifanxu/Ephemeral-AI-Lab/layerfs-issue91-runs/r26-full-benchmark-final/performance/dedup_cross_file/dedup-cross-file-identical-500/perf.jsonl,bcfd488fd6a1687f868393df46eead9682752a91e19d8519c39b60950c25a5d6
dedup_cross_file,dedup-cross-file-mixed-10,30754875,30,166116,164,2991989,4194875,12356792,2,425,1023040,11385918,24031333,9272752,33156458,39791583,29114368,28983296,7503872,/Users/yifanxu/Ephemeral-AI-Lab/layerfs-issue91-runs/r26-full-benchmark-final/performance/dedup_cross_file/dedup-cross-file-mixed-10/perf.jsonl,b96a6c463385fb0d206f92e8ef99612874e94df74e5da07e7585d426d093b876
dedup_cross_file,dedup-cross-file-mixed-100,296842625,63,185014,1422,26122868,40733400,137772208,20,4303,2347585,1776191606,285337209,256759456,301756250,194512959,63209472,63242240,79671296,/Users/yifanxu/Ephemeral-AI-Lab/layerfs-issue91-runs/r26-full-benchmark-final/performance/dedup_cross_file/dedup-cross-file-mixed-100/perf.jsonl,08e390230ffe00e0771cef3cbebe9ece91885d30ca8cfa6b1c4b37c9ea9be257
dedup_cross_file,dedup-cross-file-mixed-500,1350345000,169,95696,7098,131428988,204297577,543181999,96,21597,7195909,9696799492,1342479875,1231139538,1527164667,680586166,66912256,66945024,409522176,/Users/yifanxu/Ephemeral-AI-Lab/layerfs-issue91-runs/r26-full-benchmark-final/performance/dedup_cross_file/dedup-cross-file-mixed-500/perf.jsonl,354019178fb7b65bf1612c31ee89491365a19a2d44e6b3114385c62050415adc
dedup_cross_file,dedup-cross-file-unique-10,33043916,14,1162,3,223,79956,14323626,3,597,1100873,15495625,28644000,13192583,33531041,42788417,31965184,31850496,10686464,/Users/yifanxu/Ephemeral-AI-Lab/layerfs-issue91-runs/r26-full-benchmark-final/performance/dedup_cross_file/dedup-cross-file-unique-10/perf.jsonl,51565111871fa133aa850f47c31869613fdfa8ee4713c9958f8b9c5971a1e7ec
dedup_cross_file,dedup-cross-file-unique-100,296812834,21,1743,38,3128,464034,151180500,26,5733,1724823,1784240084,290888625,263457085,288992958,196158375,63029248,63029248,106229760,/Users/yifanxu/Ephemeral-AI-Lab/layerfs-issue91-runs/r26-full-benchmark-final/performance/dedup_cross_file/dedup-cross-file-unique-100/perf.jsonl,36e3fa9b61c15b3aba025f1cd91e22b5721ddd37af06c34c1afed1bc3da453b6
dedup_cross_file,dedup-cross-file-unique-500,1442647875,14,1162,45,3709,1615088,679450044,128,28800,6703087,10427106635,1434582416,1327367703,1483045000,809560583,66371584,66404352,534986752,/Users/yifanxu/Ephemeral-AI-Lab/layerfs-issue91-runs/r26-full-benchmark-final/performance/dedup_cross_file/dedup-cross-file-unique-500/perf.jsonl,ec520db40a90858dc40a67b9b6cdfc8e08ec7c933553107a646c6b15e2e40ad0
