family,case,elapsed_ns,pending_duplicate_objects,pending_duplicate_bytes,cross_batch_skipped_objects,cross_batch_skipped_bytes,conflict_read_ns,sql_commit_ns,total_count,sql_returned_ids,slab_consumer_idle_ns,slab_send_blocked_ns,direct_pipeline_wall_ns,producer_blocked_max_ns,user_cpu_ns,system_cpu_ns,lifetime_peak_rss_bytes,sampled_rss_peak_bytes,store_allocated_bytes,raw_path,sha256
dedup_cdc_locality,dedup-cdc-common-body-1,7413791,55,770414,0,0,10002,1872834,1,92,1417753,397791,3956375,397791,8485750,18307291,16728064,15302656,1413120,/Users/yifanxu/Ephemeral-AI-Lab/layerfs-issue95-runs/terminal-benchmark/performance/dedup_cdc_locality/dedup-cdc-common-body-1/perf.jsonl,af4c9af55ac4fdc835a1da53f341614f0ee4679c1818d09e877fb26bb77a0543
dedup_cdc_locality,dedup-cdc-common-body-10,21946000,107,2009490,291,5509550,1235460,5208875,1,265,5430874,3193082,15174500,1160791,28468084,25292375,27639808,25591808,4165632,/Users/yifanxu/Ephemeral-AI-Lab/layerfs-issue95-runs/terminal-benchmark/performance/dedup_cdc_locality/dedup-cdc-common-body-10/perf.jsonl,88b95c9ec9c61b4151af2a374ea4545f33d0155fc536db063bf250d08fcb0e49
dedup_cdc_locality,dedup-cdc-common-body-100,112401542,1349,26949382,2504,48916669,1602284,42627668,8,1916,4953505,539825705,108514875,80828416,206658125,90929708,61390848,61407232,30691328,/Users/yifanxu/Ephemeral-AI-Lab/layerfs-issue95-runs/terminal-benchmark/performance/dedup_cdc_locality/dedup-cdc-common-body-100/perf.jsonl,cd66123f83c94275a57a5777c2d280c3ab23655aced1f00542f2b128d73452c7
dedup_cdc_locality,dedup-cdc-common-body-500,589079000,2976,59400155,16076,320213293,2001027,283693918,36,9254,6886626,3719252481,576872417,472687832,1012941209,403585709,67190784,67207168,148758528,/Users/yifanxu/Ephemeral-AI-Lab/layerfs-issue95-runs/terminal-benchmark/performance/dedup_cdc_locality/dedup-cdc-common-body-500/perf.jsonl,4474d21ff20e80b4e3e50400999c1f60587aa80a3427f65b93127e6120254e97
dedup_cdc_locality,dedup-cdc-delete-1,6372292,64,937391,0,0,7750,1916000,1,83,1277959,414833,2641209,414833,8144333,18921625,16744448,15532032,1241088,/Users/yifanxu/Ephemeral-AI-Lab/layerfs-issue95-runs/terminal-benchmark/performance/dedup_cdc_locality/dedup-cdc-delete-1/perf.jsonl,8391149f5bbb8987755814fa58cff4d985495cfeb2e1ad72d191ceacbfcb938a
dedup_cdc_locality,dedup-cdc-delete-10,18376000,170,2819316,357,7115967,1571209,2677916,1,131,8400751,2053958,14197250,1095833,24237167,21750750,20873216,20676608,1671168,/Users/yifanxu/Ephemeral-AI-Lab/layerfs-issue95-runs/terminal-benchmark/performance/dedup_cdc_locality/dedup-cdc-delete-10/perf.jsonl,47a93705f105d68d1acb4ab6db02f3ac7058d24c53c9b6774de14c9032d9e103
dedup_cdc_locality,dedup-cdc-delete-100,43548667,946,17842787,4249,83626752,3033026,5818958,2,529,7842830,60256875,35283750,8406832,172610917,50619708,30572544,30081024,4325376,/Users/yifanxu/Ephemeral-AI-Lab/layerfs-issue95-runs/terminal-benchmark/performance/dedup_cdc_locality/dedup-cdc-delete-100/perf.jsonl,836a7199cce9800d335d07f9eab0d71273215f7fcbf6e19a607f4113595ceaab
dedup_cdc_locality,dedup-cdc-delete-500,170697125,3552,69378754,22390,441678212,25975680,20087208,4,2154,14552349,453137871,163601333,57119381,836777042,154073334,44761088,44630016,13369344,/Users/yifanxu/Ephemeral-AI-Lab/layerfs-issue95-runs/terminal-benchmark/performance/dedup_cdc_locality/dedup-cdc-delete-500/perf.jsonl,a2d3b168b83d6018983ea0f4a0426a663b69127cd488da12f6a443e6ad01059e
dedup_cdc_locality,dedup-cdc-insert-1,6294375,71,1029516,0,0,7417,1672166,1,81,1337249,0,2753250,0,8557500,22580959,16105472,14958592,1155072,/Users/yifanxu/Ephemeral-AI-Lab/layerfs-issue95-runs/terminal-benchmark/performance/dedup_cdc_locality/dedup-cdc-insert-1/perf.jsonl,3df6b82ea8ab1e5d5831dd721acaa46281e818346b5a278822b0367dea6421f6
dedup_cdc_locality,dedup-cdc-insert-10,17536000,190,3084247,362,6987873,1489832,2974584,1,130,7180418,2484917,12476125,1003833,24232750,23904583,20103168,19972096,1613824,/Users/yifanxu/Ephemeral-AI-Lab/layerfs-issue95-runs/terminal-benchmark/performance/dedup_cdc_locality/dedup-cdc-insert-10/perf.jsonl,7df7e826f8a0fc8d05b197b00452b3043817f8f87fdefa4b1166e625287ba3d5
dedup_cdc_locality,dedup-cdc-insert-100,49491000,960,17222210,4435,84536684,5127216,10960667,2,562,5321989,146116080,45817542,21937875,177190000,58898792,31670272,31080448,4878336,/Users/yifanxu/Ephemeral-AI-Lab/layerfs-issue95-runs/terminal-benchmark/performance/dedup_cdc_locality/dedup-cdc-insert-100/perf.jsonl,f1819cd18d483ae82e6e6ae0dc5389aae310b50465b9154b4c1a5e88ab6a160e
dedup_cdc_locality,dedup-cdc-insert-500,237827167,3112,58489011,23836,454518636,28699749,30008793,4,2286,32570156,753265571,226327584,98318128,897058291,188539792,46596096,46481408,15577088,/Users/yifanxu/Ephemeral-AI-Lab/layerfs-issue95-runs/terminal-benchmark/performance/dedup_cdc_locality/dedup-cdc-insert-500/perf.jsonl,908beedfbfcfcca9fa8fd2e65a41aeef271344a5fd09e38286e9961d9a46b28b
dedup_cdc_locality,dedup-cdc-overwrite-1,6002875,70,1031905,0,0,6874,1250792,1,80,1741416,0,2974250,0,8321583,20912916,15499264,14368768,1150976,/Users/yifanxu/Ephemeral-AI-Lab/layerfs-issue95-runs/terminal-benchmark/performance/dedup_cdc_locality/dedup-cdc-overwrite-1/perf.jsonl,ef1a18d1ad1e6f568faa2bc3b2923192d7bad014ed77f3d1ed6a38154a91d32b
dedup_cdc_locality,dedup-cdc-overwrite-10,17407834,180,2982617,374,7316244,1440875,1932625,1,116,8654290,1046832,13699459,681958,23886666,23279875,19070976,17711104,1343488,/Users/yifanxu/Ephemeral-AI-Lab/layerfs-issue95-runs/terminal-benchmark/performance/dedup_cdc_locality/dedup-cdc-overwrite-10/perf.jsonl,178aba21eb7d2397a7c2d43024fa1fb121ca3f83e16e7b1506b9f370e4b068ec
dedup_cdc_locality,dedup-cdc-overwrite-100,43351125,886,15907378,4471,86872075,1690339,4354959,1,478,9976882,52226169,36423250,7423377,172888875,50826292,28557312,28426240,3416064,/Users/yifanxu/Ephemeral-AI-Lab/layerfs-issue95-runs/terminal-benchmark/performance/dedup_cdc_locality/dedup-cdc-overwrite-100/perf.jsonl,ee9059d851391cf8cd288360a317867e7ded181f595702f45dbfd026cf123ddc
dedup_cdc_locality,dedup-cdc-overwrite-500,154918875,7447,142921222,19097,371354767,2139033,16838500,4,2100,27806794,290605089,143680250,37008044,822343042,159109917,43384832,43401216,12181504,/Users/yifanxu/Ephemeral-AI-Lab/layerfs-issue95-runs/terminal-benchmark/performance/dedup_cdc_locality/dedup-cdc-overwrite-500/perf.jsonl,49479c297a7d85c19813693447609b8e5216ef0e21ec237549bed2bb13d54558
dedup_cdc_locality,dedup-cdc-scattered-1,10167250,17,1385,0,0,11249,4450500,1,139,978290,207000,3877125,104542,9186208,21942000,21561344,21397504,2199552,/Users/yifanxu/Ephemeral-AI-Lab/layerfs-issue95-runs/terminal-benchmark/performance/dedup_cdc_locality/dedup-cdc-scattered-1/perf.jsonl,2806e8c79ca298fe102224a1c03041b424d61548eb3dbd1440fb761c9e40acdb
dedup_cdc_locality,dedup-cdc-scattered-10,37275209,14,1162,10,804,75499,18118167,3,677,948287,21052541,30247458,15848624,34696667,36893917,34832384,34652160,11747328,/Users/yifanxu/Ephemeral-AI-Lab/layerfs-issue95-runs/terminal-benchmark/performance/dedup_cdc_locality/dedup-cdc-scattered-10/perf.jsonl,ae7372f87bd814bd548d8785b62875cca506b38bf5842a56d5faabc4e9b64d0e
dedup_cdc_locality,dedup-cdc-scattered-100,354491875,14,1162,45,3709,338091,206569795,26,6070,1872570,2212667614,346725125,319327827,295376375,228798417,62914560,62930944,107261952,/Users/yifanxu/Ephemeral-AI-Lab/layerfs-issue95-runs/terminal-benchmark/performance/dedup_cdc_locality/dedup-cdc-scattered-100/perf.jsonl,21e99f00905d2c1b4002045a91fb567dc1165478dfc4b3a1ec3718a90650474a
dedup_cdc_locality,dedup-cdc-scattered-500,1365823917,14,1162,45,3709,1477492,619334250,129,30047,6376009,9840331242,1356725125,1250740263,1486637000,706412500,67567616,67584000,543625216,/Users/yifanxu/Ephemeral-AI-Lab/layerfs-issue95-runs/terminal-benchmark/performance/dedup_cdc_locality/dedup-cdc-scattered-500/perf.jsonl,139a9eed61c97fa0aff395463bd8f20e3f6305fb01e92eb77d3cd8c9619408c8
dedup_cross_file,dedup-cross-file-anchor-1,6535916,10,804,0,0,10794,1372375,1,79,1763083,0,3050250,0,6719208,19571916,16203776,15073280,1130496,/Users/yifanxu/Ephemeral-AI-Lab/layerfs-issue95-runs/terminal-benchmark/performance/dedup_cross_file/dedup-cross-file-anchor-1/perf.jsonl,9920081c5275f66148d0e0bb5e53c2cfdb9c84b595dc5690b501cabc8c436248
dedup_cross_file,dedup-cross-file-identical-10,16416667,165,2167321,392,7304773,1475164,1429125,1,79,8733913,1839001,13847333,1130000,21889167,24138583,17645568,16515072,1130496,/Users/yifanxu/Ephemeral-AI-Lab/layerfs-issue95-runs/terminal-benchmark/performance/dedup_cross_file/dedup-cross-file-identical-10/perf.jsonl,25a3162296cdf8ac5c8c847cebbdfa65b846cf1db3da34515c955febfc0103f4
dedup_cross_file,dedup-cross-file-identical-100,33070916,2150,32497926,3849,71684744,1792295,1435083,1,79,10679414,25445956,29774416,3868375,161482542,46688416,22183936,21282816,1134592,/Users/yifanxu/Ephemeral-AI-Lab/layerfs-issue95-runs/terminal-benchmark/performance/dedup_cross_file/dedup-cross-file-identical-100/perf.jsonl,1d25e62f30a7579716478a62046854543b4f2bcf6687355714b7ee360cb0593e
dedup_cross_file,dedup-cross-file-identical-500,110658375,8282,120414698,21717,404688372,1855870,1454583,1,90,33032112,23021962,105356500,3420000,765854208,126979958,24412160,23248896,1167360,/Users/yifanxu/Ephemeral-AI-Lab/layerfs-issue95-runs/terminal-benchmark/performance/dedup_cross_file/dedup-cross-file-identical-500/perf.jsonl,bb9b45fd459a63c7aa3adfb0d0258fe113388a7d4d77218294a639e6c62b1838
dedup_cross_file,dedup-cross-file-mixed-10,30141292,30,166116,164,2991989,4450087,10452166,2,425,1035288,11260542,23703167,8294041,34164625,32150250,30408704,27279360,7503872,/Users/yifanxu/Ephemeral-AI-Lab/layerfs-issue95-runs/terminal-benchmark/performance/dedup_cross_file/dedup-cross-file-mixed-10/perf.jsonl,e6e28547b57a7653cdd01fe3e994c55e82d5e05c48e6a94db8955138ed81135e
dedup_cross_file,dedup-cross-file-mixed-100,272581583,66,79689,1419,26228193,39606449,115720376,20,4303,1960498,1604995321,269352084,235228743,299587750,159423875,64274432,64159744,79691776,/Users/yifanxu/Ephemeral-AI-Lab/layerfs-issue95-runs/terminal-benchmark/performance/dedup_cross_file/dedup-cross-file-mixed-100/perf.jsonl,f6c54c5eef75b984c807d83133bff27dc8009e8bd935946b99a4e343f0aaf16f
dedup_cross_file,dedup-cross-file-mixed-500,1270116125,170,114240,7097,131410444,209015185,456305756,96,21596,5470200,9085433498,1262635292,1156098699,1527388667,577868834,66764800,66781184,404824064,/Users/yifanxu/Ephemeral-AI-Lab/layerfs-issue95-runs/terminal-benchmark/performance/dedup_cross_file/dedup-cross-file-mixed-500/perf.jsonl,3956085af0a3685afb7726f662a09182353a43530653ea481e763e411056c624
dedup_cross_file,dedup-cross-file-unique-10,34688083,14,1162,3,223,87666,15377207,3,597,1097663,16056084,29461250,14050375,33462125,37694209,34324480,34340864,10682368,/Users/yifanxu/Ephemeral-AI-Lab/layerfs-issue95-runs/terminal-benchmark/performance/dedup_cross_file/dedup-cross-file-unique-10/perf.jsonl,37d60be63539bf358c12293a4f810740235c47da71fd4caff22842312f94fb88
dedup_cross_file,dedup-cross-file-unique-100,314164833,7,581,52,4290,340665,155723043,26,5733,2101095,1887365051,308601709,279452500,307184250,200197250,64159744,64176128,106196992,/Users/yifanxu/Ephemeral-AI-Lab/layerfs-issue95-runs/terminal-benchmark/performance/dedup_cross_file/dedup-cross-file-unique-100/perf.jsonl,afd4ef9b1bd5f6ae91615119fd687b96b39df1c9c3233c9974c8c0308707157f
dedup_cross_file,dedup-cross-file-unique-500,1371293709,4,358,55,4513,1460576,597284251,128,28801,7372743,9871142413,1363137209,1254576672,1519275500,704223250,67092480,67108864,532000768,/Users/yifanxu/Ephemeral-AI-Lab/layerfs-issue95-runs/terminal-benchmark/performance/dedup_cross_file/dedup-cross-file-unique-500/perf.jsonl,72aff7767d977f6cf5e93db1be4f36e5d79bd87c66cf243ca7cc63a2e654ec8b
