checkpoint,new_objects_count,new_canonical_bytes,eligible_payload_count,eligible_payload_canonical_bytes,FULL_payload_count,FULL_payload_canonical_bytes,DELTA_payload_count,DELTA_target_canonical_bytes,nohint_count,absent_predecessor_count,predecessor_present_nohint_count,hinted_FULL_count,correspondence_reserved_bytes,correspondence_skip_events,nohint_canonical_bytes_lower,nohint_canonical_bytes_upper,absent_predecessor_canonical_bytes_lower,absent_predecessor_canonical_bytes_upper,predecessor_present_nohint_canonical_bytes_lower,predecessor_present_nohint_canonical_bytes_upper,hinted_FULL_canonical_bytes_lower,hinted_FULL_canonical_bytes_upper
0,12,1050,2,58,2,58,0,0,2,2,0,0,0,0,58,58,58,58,0,0,0,0
1,1338,1632807,286,1495359,286,1495359,0,0,286,286,0,0,0,0,1495359,1495359,1495359,1495359,0,0,0,0
2,733,1441767,189,1356519,124,940892,65,415627,124,79,45,0,16654272,34,940892,940892,246817,866557,74335,694075,0,0
3,791,1613041,186,1513393,114,856571,72,656822,114,68,46,0,16654272,39,856571,856571,175631,798161,58410,680940,0,0
4,1511,2311143,309,2139260,244,1675587,65,463673,240,237,3,4,16654272,2,1579710,1674476,1517748,1673360,769,73238,1111,95877
5,1172,1980259,283,1838740,219,1537678,64,301062,218,86,132,1,16654272,118,1504889,1537624,80310,1228740,301925,1455038,54,32789
6,143,463401,37,406015,8,44575,29,361440,3,2,1,5,7605888,0,9114,26704,5582,20980,2516,14637,17871,35461
7,1083,2262432,249,2111149,183,1397091,66,714058,183,151,32,0,16654272,24,1397091,1397091,769360,1379999,17092,627731,0,0
8,1442,3307024,351,3113992,290,2630761,61,483231,285,148,137,5,16654272,112,2482693,2630047,483509,2188092,409820,2111770,714,148068
9,833,2101369,206,1959681,135,1201285,71,758396,130,42,88,5,16654272,78,1057891,1199405,94204,745065,406977,1083591,1880,143394
10,958,1822220,238,1674407,174,1259751,64,414656,174,10,164,0,16654272,155,1259751,1259751,7722,209269,1050482,1252029,0,0
11,1357,3905476,361,3719838,295,2917123,66,802715,282,53,229,13,16654272,189,2552852,2907215,116997,1122245,1578845,2748041,9908,364271
12,524,878408,109,750692,69,306355,40,444337,67,67,0,2,9179520,0,262975,306303,262975,306303,0,0,52,43380
13,1417,3893332,367,3686012,295,2888944,72,797068,292,133,159,3,16654272,123,2790852,2888092,413908,2246639,615253,2455219,852,98092
14,334,960334,84,854475,53,525568,31,328907,53,10,43,0,16654272,159,525568,525568,16025,205388,320180,509543,0,0
15,2204,4979416,527,4683668,473,4215203,54,468465,468,214,254,5,16654272,292,4084272,4214862,592368,3295143,878517,3590570,341,130931
16,874,2110927,226,1931281,149,1112257,77,819024,149,41,108,0,16654272,99,1112257,1112257,79823,634810,477447,1032434,0,0
17,3274,6923917,842,6556991,771,6029589,71,527402,769,92,677,2,16654272,613,5964011,6029175,63478,1866957,4128442,5964111,414,65578
18,1111,2566897,275,2363378,195,1470676,80,892702,191,52,139,4,16654272,129,1382400,1469832,64427,873774,553238,1394566,844,88276
19,780,1846039,193,1662732,124,1042994,69,619738,124,25,99,0,16654272,90,1042994,1042994,19530,450888,592106,1023464,0,0
20,149,300898,18,208419,10,118514,8,89905,10,1,9,0,16654272,506,118514,118514,1922,17196,101318,116592,0,0
21,745,761599,50,543020,42,431813,8,111207,39,9,30,3,16654272,468,350269,428766,13339,199080,180433,406924,3047,81544
22,3807,8392102,936,7931906,890,7531708,46,400198,880,352,528,10,16654272,618,7218054,7531129,647000,5725936,1721546,6840322,579,313654
23,198,372787,25,235782,17,133225,8,102557,15,0,15,2,16654272,527,93509,131874,0,0,93509,131874,1351,39716
24,563,1605857,126,1441403,121,1408838,5,32565,121,7,114,0,16654272,671,1408838,1408838,3324,177519,1231319,1405514,0,0
25,574,1193436,92,1009526,88,983281,4,26245,88,22,66,0,16654272,650,983281,983281,60487,447784,535497,922794,0,0
26,1370,3534875,283,3254513,264,3058594,19,195919,259,34,225,5,16654272,516,2912431,3056689,53888,789818,2168378,2988490,1905,146163
27,515,1724914,126,1536397,71,807655,55,728742,71,11,60,0,16654272,119,807655,807655,13462,252575,555080,794193,0,0
28,898,2879833,241,2694332,218,2497161,23,197171,217,19,198,1,16654272,623,2464372,2496876,30922,452473,2024604,2463862,285,32789
29,823,1462417,94,1207215,85,1076514,9,130701,85,11,74,0,16654272,622,1076514,1076514,27616,258364,818150,1048898,0,0
30,886,2151128,216,1928578,144,993842,72,934736,143,71,72,1,16654272,65,961053,993639,164577,819310,169476,824366,203,32789
31,180,583470,27,418957,16,245062,11,173895,15,2,13,1,16654272,318,222112,242480,7357,45828,178077,230306,2582,22950
32,3888,7570111,915,7071389,847,6398642,68,672747,847,418,429,0,16654272,502,6398642,6398642,1101951,5238123,1160519,5296691,0,0
33,2201,5473321,562,5126190,474,3996704,88,1129486,473,112,361,1,16654272,330,3963915,3996642,97039,2252854,1729472,3897622,62,32789
34,759,1877707,155,1635656,124,1220736,31,414920,124,68,56,0,16654272,416,1220736,1220736,212760,1101725,119011,1007976,0,0
35,1457,3610643,327,3295914,297,2843220,30,452694,297,65,232,0,16654272,517,2843220,2843220,81920,1351710,1491510,2761300,0,0
36,725,1891287,177,1652165,118,673583,59,978582,117,61,56,1,16654272,60,640794,673529,127531,561237,108809,542051,54,32789
37,687,2745832,193,2523023,135,1611103,58,911920,133,12,121,2,16654272,253,1545736,1610187,18118,309126,1259905,1587459,916,65367
38,551,1040975,65,865760,56,778373,9,87387,54,13,41,2,16654272,613,731062,776751,59733,274319,467582,699714,1622,47311
39,1404,3119890,253,2827593,235,2623843,18,203750,223,111,112,12,16654272,642,2265496,2618179,427780,2065550,436966,2076659,5664,358347
40,3218,3960661,583,3438183,572,3266579,11,171604,559,266,293,13,16654272,780,2892886,3262117,236211,2965655,278202,3011012,4462,373693
41,4752,9904313,1187,9268200,1108,8354060,79,914140,1089,551,538,19,16654272,452,7762239,8350031,1154657,7170553,1093420,7106779,4029,591821
42,723,2517816,184,2255011,158,1896501,26,358510,151,11,140,7,16654272,297,1685448,1892328,11911,307776,1433250,1867394,4173,211053
43,1213,4051943,309,3762462,285,3354213,24,408249,284,20,264,1,16654272,732,3321424,3353970,14277,517410,2814417,3338555,243,32789
44,1609,3642064,251,3222528,228,2813590,23,408938,218,44,174,10,16654272,697,2544233,2806595,119592,965698,1666480,2636073,6995,269357
45,2481,5519681,593,5042192,547,4447345,46,594847,539,156,383,8,16654272,654,4201951,4445291,185572,2798089,1557643,4240232,2054,245394
46,1432,5122342,413,4760199,341,3582973,72,1177226,340,50,290,1,16654272,320,3550184,3582843,45623,1133852,2430181,3535438,130,32789
47,1654,4087749,410,3694332,325,2568561,85,1125771,325,75,250,0,16654272,237,2568561,2568561,70116,1418776,1149785,2498445,0,0
48,2285,3361827,559,2876147,493,2285363,66,590784,493,367,126,0,16654272,123,2285363,2285363,832048,2227491,57872,1453315,0,0
49,974,3887338,280,3568130,212,2572642,68,995488,212,7,205,0,16654272,325,2572642,2572642,3405,229139,2343503,2569237,0,0
50,3559,7057547,886,6438947,810,5345690,76,1093257,808,302,506,2,16654272,602,5280112,5345447,256572,4128372,1203448,5083898,243,65578
51,1843,4323105,455,3852812,364,2574874,91,1277938,364,91,273,0,16654272,255,2574874,2574874,85669,1462144,1112730,2489205,0,0
52,4577,5860633,989,5095881,919,4411248,70,684633,919,558,361,0,16654272,334,4411248,4411248,805916,4189321,221927,3605332,0,0
53,398,1331892,86,979758,69,633691,17,346067,69,22,47,0,16654272,347,633691,633691,37212,434362,199329,596479,0,0
54,543,2041780,138,1699611,73,698110,65,1001501,73,6,67,0,16654272,220,698110,698110,2584,158184,539926,695526,0,0
55,4822,7806593,1026,6948561,957,6020383,69,928178,957,496,461,0,16654272,668,6020383,6020383,939451,5232790,787593,5080932,0,0
56,668,1721709,138,1321250,106,918152,32,403098,105,20,85,1,16654272,763,885363,917866,19144,423732,477395,897192,286,32789
57,1672,5307191,430,4851933,392,4285319,38,566614,390,29,361,2,16654272,936,4219741,4284776,13046,776129,3466442,4271271,543,65578
58,3826,7858480,767,7059961,722,6481742,45,578219,708,236,472,14,16654272,1245,6059481,6476075,342775,4283332,2040085,6081880,5667,422261
59,287,1194470,57,810926,41,493201,16,317725,41,0,41,0,16654272,420,493201,493201,0,0,493201,493201,0,0
60,3109,6404662,756,5725470,708,5089057,48,636413,705,275,430,3,16654272,715,4990690,5088811,347255,3955548,1112943,4731943,246,98367
61,1400,3179069,342,2692711,264,1788439,78,904272,264,32,232,0,16654272,220,1788439,1788439,15029,596941,1191498,1773410,0,0
62,1619,6119941,473,5644234,394,4505257,79,1138977,392,6,386,2,16654272,488,4439679,4504360,2702,187348,4262432,4501631,897,65578
63,1879,4992710,472,4452293,391,3312987,81,1139306,390,74,316,1,16654272,413,3280198,3312701,43732,1504199,1792181,3268033,286,32789
64,603,1462346,129,1065027,119,868591,10,196436,119,39,80,0,16654272,691,868591,868591,42711,640034,228557,825880,0,0
65,228,475190,9,69366,7,41311,2,28055,7,0,7,0,16654272,653,41311,41311,0,0,41311,41311,0,0
66,816,2097185,162,1622694,150,1376677,12,246017,146,27,119,4,16654272,1248,1274402,1374995,30411,536921,771720,1334718,1682,102275
67,2880,5599925,626,4909508,609,4593613,17,315895,600,192,408,9,16654272,1379,4326370,4592105,222124,3217595,1297720,4349015,1508,267243
68,3592,6637324,912,5953877,814,4486504,98,1467373,811,119,692,3,16654272,655,4393885,4486092,51235,2133329,2315910,4433901,412,92619
69,327,1137969,59,725045,48,521940,11,203105,48,0,48,0,16654272,890,521940,521940,0,0,521940,521940,0,0
70,2002,4941298,442,4323977,392,3563755,50,760222,391,133,258,1,16654272,997,3530966,3563666,155717,2513470,1038343,3404705,89,32789
71,1255,2507728,288,2007159,262,1637381,26,369778,262,31,231,0,16654272,617,1637381,1637381,13767,597489,1039892,1623614,0,0
72,442,1034235,62,610448,55,470998,7,139450,55,31,24,0,16654272,1151,470998,470998,69943,438166,32832,401055,0,0
73,2472,4923879,497,4247235,476,3873627,21,373608,471,159,312,5,16654272,1427,3716607,3872814,181673,2742306,1085634,3677587,813,157020
74,917,2277313,186,1787336,155,1311428,31,475908,154,54,100,1,16654272,1142,1278639,1311278,76965,955934,345460,1231311,150,32789
75,3071,6535552,687,5808245,655,5277703,32,530542,653,152,501,2,16654272,1367,5212125,5277313,160761,2866418,2384633,5111977,390,65578
76,409,917591,53,485589,53,485589,0,0,53,5,48,0,16654272,1579,485589,485589,2775,100431,385158,482814,0,0
77,988,1870671,98,1299185,90,1120963,8,178222,88,13,75,2,16654272,1483,1055385,1120078,6388,328086,749300,1112172,885,65578
78,515,1766014,101,1291891,63,574242,38,717649,63,21,42,0,16654272,154,574242,574242,38801,384898,189344,535441,0,0
79,219,962847,37,579202,11,123845,26,455357,11,5,6,0,16654272,76,123845,123845,19340,94795,29050,104505,0,0
80,3744,8768695,940,8001580,865,6792966,75,1208614,860,170,690,5,16654272,856,6634949,6792563,103691,3308807,3411675,6681724,403,158017
81,1864,5755740,512,5166299,441,4274343,71,891956,436,126,310,5,16654272,275,4123171,4272369,188227,2501817,1700606,4067593,1974,151172
82,769,2547160,183,2088984,166,1768434,17,320550,166,17,149,0,16654272,952,1768434,1768434,7969,391785,1376649,1760465,0,0
83,920,2373431,166,1816349,150,1499024,16,317325,150,16,134,0,16654272,804,1499024,1499024,7145,392960,1106064,1491879,0,0
84,2512,5938129,608,5254383,552,4382640,56,871743,548,148,400,4,16654272,732,4252406,4381721,109578,2690675,1646930,4265079,919,130234
85,2278,6839690,608,6189216,531,4947213,77,1242003,524,111,413,7,16654272,343,4736084,4945264,82402,2255623,2574024,4850631,1949,211129
86,1055,3349885,268,2847113,183,1489673,85,1357440,182,27,155,1,16654272,136,1456884,1489560,12137,568571,904180,1476979,113,32789
87,352,993296,52,556061,44,381602,8,174459,44,0,44,0,16654272,1335,381602,381602,0,0,381602,381602,0,0
88,2155,4367626,422,3621223,406,3318561,16,302662,403,137,266,3,16654272,1380,3221099,3318099,168604,2376005,912220,3140725,462,97462
89,511,1446590,99,930893,76,563256,23,367637,75,43,32,1,16654272,536,539352,562812,100499,511179,48364,456479,444,23904
90,1721,3736644,398,3075292,362,2462098,36,613194,362,130,232,0,16654272,663,2462098,2462098,128497,1842839,619259,2333601,0,0
91,4132,10118066,1079,9292160,1012,8295877,67,996283,1010,85,925,2,16654272,1019,8230299,8295706,37070,1985465,6271841,8257835,171,65578
92,8032,12044876,2024,10917319,1964,10117965,60,799354,1962,124,1838,2,16654272,2274,10052387,10117766,53036,2596553,7486699,10064023,199,65578
93,338,1093501,67,729073,15,108534,52,620539,15,15,0,0,14949504,0,108534,108534,108534,108534,0,0,0,0
94,541,1523702,108,1025516,90,662415,18,363101,90,21,69,0,16654272,1619,662415,662415,11587,392176,270239,650828,0,0
95,468,833296,40,392821,40,392821,0,0,40,3,37,0,16654272,1945,392821,392821,1264,69821,323000,391557,0,0
96,1529,1779878,99,1042020,97,1028669,2,13351,93,32,61,4,16654272,1899,925184,1026879,78378,619534,353852,922180,1790,103485
97,6466,15450667,1625,14340367,1577,13546980,48,793387,1562,376,1186,15,16654272,2603,13075168,13544375,305243,7262400,6071064,13208118,2605,471812
98,497,1264651,112,839231,48,274677,64,564554,48,27,21,0,16654272,22,274677,274677,50162,246773,27904,224515,0,0
99,838,3389691,201,2840672,164,2145518,37,695154,164,1,163,0,16654272,512,2145518,2145518,447,32789,2112729,2145071,0,0
100,4909,10559375,1221,9568445,1160,8702954,61,865491,1155,357,798,5,16654272,1041,8540092,8702243,271874,6070023,2585496,8421498,711,162862
101,2982,7426108,767,6663004,658,4942545,109,1720459,658,137,521,0,16654272,463,4942545,4942545,70834,2579703,2362842,4871711,0,0
102,838,2729171,216,2202793,132,967046,84,1235747,128,47,81,4,16654272,74,867581,965561,43292,709084,224307,911194,1485,99465
103,7814,12043362,1929,10911673,1845,9933164,84,978509,1844,361,1483,1,16654272,1420,9900375,9933105,166408,5789973,4133439,9766217,59,32789
104,7855,17512327,2069,16395885,1982,15260666,87,1135219,1982,82,1900,0,16654272,1738,15260666,15260666,35722,2005435,13255231,15224944,0,0
105,443,1597667,102,1243952,33,331738,69,912214,33,3,30,0,16654272,27,331738,331738,1595,67562,264176,330143,0,0
106,1305,2599837,190,1886615,174,1555314,16,331301,173,94,79,1,16654272,2548,1527554,1555267,212731,1429426,121785,1333924,47,27760
107,1535,3785020,300,3043754,275,2579449,25,464305,275,54,221,0,16654272,1100,2579449,2579449,34920,1145325,1434124,2544529,0,0
108,957,2678248,211,2068138,185,1639719,26,428419,183,41,142,2,16654272,820,1576595,1639083,23708,863946,742067,1613432,636,63124
109,1265,2911433,235,2336853,221,2077112,14,259741,220,47,173,1,16654272,2648,2046785,2076768,40015,949385,1110567,2035317,344,30327
110,4351,8336967,730,7192448,719,6989481,11,202967,696,315,381,23,16654272,2673,6342666,6979163,810008,5471069,1309520,6020229,10318,646815
111,3321,8061295,856,7253881,775,6191386,81,1062495,775,48,727,0,16654272,647,6191386,6191386,18150,1114898,5076488,6173236,0,0
112,7530,14405081,1894,13257085,1813,12377070,81,880015,1810,76,1734,3,16654272,1688,12278703,12376698,31266,1850258,10464967,12344429,372,98367
113,478,1596389,98,1042097,50,510080,48,532017,50,6,44,0,16654272,105,510080,510080,2719,143891,366189,507361,0,0
114,3155,6825951,800,5970789,722,5026367,78,944422,721,121,600,1,16654272,612,4996265,5026277,78205,2391475,2618557,4946911,90,30102
115,1928,5603730,495,4875884,404,3597289,91,1278595,404,91,313,0,16654272,262,3597289,3597289,49669,1832814,1764475,3547620,0,0
116,5046,10913314,1277,9942411,1184,8587617,93,1354794,1183,111,1072,1,16654272,992,8554828,8587449,48581,2336930,6232533,8538578,168,32789
117,2496,5774401,533,4954017,520,4753538,13,200479,520,58,462,0,16654272,3127,4753538,4753538,25458,1255870,3497668,4728080,0,0
118,2789,6095258,561,5145698,548,4885405,13,260293,540,164,376,8,16654272,3180,4657116,4883997,173919,3132330,1642856,4688233,1408,228289
119,982,2561754,182,1883483,177,1799472,5,84011,177,13,164,0,16654272,743,1799472,1799472,5876,315724,1483748,1793596,0,0
120,3391,6761201,781,5855554,740,5345121,41,510433,738,137,601,2,16654272,1061,5279543,5344940,90266,2706705,2606339,5252325,181,65578
121,105,407216,12,97905,0,0,12,97905,0,0,0,0,12064512,0,0,0,0,0,0,0,0,0
122,16714,30584802,4216,28657207,4144,27705884,72,951323,4119,1043,3076,25,16654272,2832,26931264,27701400,559488,17637380,9819078,27121705,4484,774620
123,2384,4587979,599,3805235,519,3156691,80,648544,519,60,459,0,16654272,428,3156691,3156691,27025,1267066,1889625,3129666,0,0
124,1179,3211321,279,2546085,210,1706333,69,839752,210,49,161,0,16654272,142,1706333,1706333,29526,929279,777054,1676807,0,0
125,2691,5378108,669,4575745,585,3625470,84,950275,585,74,511,0,16654272,504,3625470,3625470,35143,1531649,2093821,3590327,0,0
126,1110,3010962,276,2391366,193,1466377,83,924989,191,24,167,2,16654272,152,1413974,1466034,10096,492668,938854,1455140,343,52403
127,1882,5294583,475,4511583,392,3263226,83,1248357,391,87,304,1,16654272,281,3230437,3263026,51297,1694002,1555051,3210554,200,32789
128,941,3150961,240,2544488,156,1400517,84,1143971,156,21,135,0,16654272,110,1400517,1400517,9031,449224,951293,1391486,0,0
129,2493,6056244,628,5261754,592,4711271,36,550483,592,36,556,0,16654272,1444,4711271,4711271,15854,906156,3805115,4695417,0,0
130,4093,8104688,980,7056408,919,6153740,61,902668,913,245,668,6,16654272,1626,5970025,6153534,158161,4324766,1771353,5986934,206,183715
131,8004,12910569,2058,11680428,1978,10722653,80,957775,1978,75,1903,0,16654272,1791,10722653,10722653,32352,1726808,8995845,10690301,0,0
132,3742,7890144,951,6962379,851,5591864,100,1370515,849,205,644,2,16654272,614,5526504,5591606,197948,3487799,2084584,5390744,258,65360
133,6286,13309465,1583,12100149,1487,10783157,96,1316992,1483,226,1257,4,16654272,1172,10653813,10782334,110777,4468939,6249561,10670044,823,129344
134,4949,11711997,1289,10663007,1194,9253129,95,1409878,1185,336,849,9,16654272,736,8968776,9251503,343325,5890564,3264366,8888820,1626,284353
135,3589,10476510,955,9513172,842,7792603,113,1720569,842,116,726,0,16654272,614,7792603,7792603,54639,2545673,5246930,7737964,0,0
136,665,1586373,85,854471,79,728662,6,125809,78,9,69,1,16654272,2333,708989,728213,4171,172385,538045,723928,449,19673
137,195,628909,32,268830,16,72929,16,195901,16,11,5,0,16654272,8,72929,72929,22627,70187,2742,50302,0,0
138,8390,15983020,1828,14487939,1778,13663301,50,824638,1763,756,1007,15,16654272,2336,13217102,13662668,1038478,11117277,2439170,12558802,633,446199
139,6595,13783728,1694,12602126,1623,11529670,71,1072456,1604,94,1510,19,16654272,1421,10997578,11525098,37996,2072911,9105739,11483106,4572,532092
140,2692,8841949,722,7926057,605,5907115,117,2018942,603,88,515,2,16654272,441,5841537,5906967,41042,1937588,3933116,5864224,148,65578
141,2907,7701259,751,6787754,655,5382762,96,1404992,653,71,582,2,16654272,525,5317184,5382694,26881,1578125,3768312,5354798,68,65578
142,3013,7149624,739,6175411,658,5057815,81,1117596,657,273,384,1,16654272,319,5025226,5057697,393487,4041569,1008938,4660725,118,32589
143,1886,6550953,518,5729765,421,4273146,97,1456619,420,6,414,1,16654272,473,4240357,4272819,2486,183456,4062705,4270208,327,32789
144,5261,11230521,1338,10037567,1235,8570748,103,1466819,1235,151,1084,0,16654272,1068,8570748,8570748,71264,3092511,5478237,8499484,0,0
145,5344,13442497,1408,12281512,1312,11022795,96,1258717,1296,159,1137,16,16654272,1050,10538850,11018716,93396,3517076,7211544,10910879,4079,483945
146,1427,5488694,383,4699236,304,3528452,79,1170784,304,3,301,0,16654272,347,3528452,3528452,1353,97818,3430634,3527099,0,0
147,1803,4723721,449,3878703,409,3236275,40,642428,408,59,349,1,16654272,632,3203486,3236039,29503,1299952,1918752,3206203,236,32789
148,969,3688938,262,2986686,181,1936550,81,1050136,179,70,109,2,16654272,84,1875791,1936037,152831,1390123,518829,1771775,513,60759
149,418,1249475,78,700643,36,280948,42,419695,36,14,22,0,16654272,27,280948,280948,22687,205529,75419,258261,0,0
150,9871,19971017,2440,18437744,2341,17058184,99,1379560,2337,137,2200,4,16654272,2126,16927368,17057583,41721,3197696,13781302,17014659,601,130816
151,3146,6719946,805,5789697,725,4955924,80,833773,725,79,646,0,16654272,606,4955924,4955924,36140,1705160,3250764,4919784,0,0
152,3065,6126558,764,5164027,695,4354224,69,809803,694,50,644,1,16654272,884,4322031,4354120,22085,1107134,3228453,4331559,104,32193
153,14482,26412123,3635,24381642,3529,22808340,106,1573302,3528,1719,1809,1,16654272,1690,22775551,22808216,2870905,19503719,3299682,19932832,124,32789
154,1820,5542118,452,4681692,372,3668452,80,1013240,372,85,287,0,16654272,242,3668452,3668452,66279,1765559,1902893,3602173,0,0
155,2365,2127078,107,1019562,102,942123,5,77439,101,42,59,1,16654272,3530,916551,941760,84941,726227,206651,851970,363,25572
156,2329,3068694,150,1937453,126,1550183,24,387270,121,13,108,5,16654272,3048,1411812,1547933,7409,320818,1120459,1531724,2250,138371
157,5694,11332518,1176,9833601,1136,9188848,40,644753,1115,259,856,21,16654272,3700,8589566,9180765,221729,5144613,3729289,8935725,8083,599282
