family,case,timer,baseline_elapsed_ns,g0_elapsed_ns,difference_ns,difference_percent,slowdown_factor,g1_diagnostic_elapsed_ns,baseline_source,g0_source,g0_verification,baseline_evidence,g0_evidence
dedup_cdc_locality,dedup-cdc-overwrite-500,pure_call_sum_ns,122035083,884666916,762631833,624.9283519559699,7.249283519559699,,1bedaeaa3d564286b8ff6a77365d3d7b144a6dc97e236466fa7066826a6acd19,dcfddc7a6b25051e78ac61102a0996aa5e330821f61b6ea0d3ac89fe9dcc869d,PASS,../../0.1.3/checkpoint-evidence/raw/performance/dedup_cdc_locality/dedup-cdc-overwrite-500/perf.jsonl,raw/generations/g0/performance/dedup_cdc_locality/dedup-cdc-overwrite-500/perf.jsonl
store_footprint,store-footprint-metadata-cardinality-100000,product_call_sum_ns,4570429959,32248933458,27678503499,605.5995551249187,7.055995551249186,,1bedaeaa3d564286b8ff6a77365d3d7b144a6dc97e236466fa7066826a6acd19,dcfddc7a6b25051e78ac61102a0996aa5e330821f61b6ea0d3ac89fe9dcc869d,TIMEOUT,../../0.1.3/checkpoint-evidence/raw/performance/store_footprint/store-footprint-metadata-cardinality-100000/perf.jsonl,raw/generations/g0/performance/store_footprint/store-footprint-metadata-cardinality-100000/perf.jsonl
dedup_cdc_locality,dedup-cdc-delete-500,pure_call_sum_ns,130863875,917832166,786968291,601.364044126005,7.0136404412600495,,1bedaeaa3d564286b8ff6a77365d3d7b144a6dc97e236466fa7066826a6acd19,dcfddc7a6b25051e78ac61102a0996aa5e330821f61b6ea0d3ac89fe9dcc869d,PASS,../../0.1.3/checkpoint-evidence/raw/performance/dedup_cdc_locality/dedup-cdc-delete-500/perf.jsonl,raw/generations/g0/performance/dedup_cdc_locality/dedup-cdc-delete-500/perf.jsonl
dedup_cdc_locality,dedup-cdc-insert-500,pure_call_sum_ns,136775833,932394458,795618625,581.6953240562607,6.816953240562607,,1bedaeaa3d564286b8ff6a77365d3d7b144a6dc97e236466fa7066826a6acd19,dcfddc7a6b25051e78ac61102a0996aa5e330821f61b6ea0d3ac89fe9dcc869d,PASS,../../0.1.3/checkpoint-evidence/raw/performance/dedup_cdc_locality/dedup-cdc-insert-500/perf.jsonl,raw/generations/g0/performance/dedup_cdc_locality/dedup-cdc-insert-500/perf.jsonl
dedup_cross_file,dedup-cross-file-identical-500,pure_call_sum_ns,110630125,663196333,552566208,499.4717379194862,5.994717379194862,,1bedaeaa3d564286b8ff6a77365d3d7b144a6dc97e236466fa7066826a6acd19,dcfddc7a6b25051e78ac61102a0996aa5e330821f61b6ea0d3ac89fe9dcc869d,PASS,../../0.1.3/checkpoint-evidence/raw/performance/dedup_cross_file/dedup-cross-file-identical-500/perf.jsonl,raw/generations/g0/performance/dedup_cross_file/dedup-cross-file-identical-500/perf.jsonl
dedup_cdc_locality,dedup-cdc-overwrite-100,pure_call_sum_ns,30952625,177461584,146508959,473.33290472132813,5.733329047213282,,1bedaeaa3d564286b8ff6a77365d3d7b144a6dc97e236466fa7066826a6acd19,dcfddc7a6b25051e78ac61102a0996aa5e330821f61b6ea0d3ac89fe9dcc869d,PASS,../../0.1.3/checkpoint-evidence/raw/performance/dedup_cdc_locality/dedup-cdc-overwrite-100/perf.jsonl,raw/generations/g0/performance/dedup_cdc_locality/dedup-cdc-overwrite-100/perf.jsonl
dedup_cdc_locality,dedup-cdc-insert-100,pure_call_sum_ns,34183250,191290209,157106959,459.6021706537559,5.596021706537559,,1bedaeaa3d564286b8ff6a77365d3d7b144a6dc97e236466fa7066826a6acd19,dcfddc7a6b25051e78ac61102a0996aa5e330821f61b6ea0d3ac89fe9dcc869d,PASS,../../0.1.3/checkpoint-evidence/raw/performance/dedup_cdc_locality/dedup-cdc-insert-100/perf.jsonl,raw/generations/g0/performance/dedup_cdc_locality/dedup-cdc-insert-100/perf.jsonl
dedup_cdc_locality,dedup-cdc-delete-100,pure_call_sum_ns,33165583,176584000,143418417,432.4314666803837,5.324314666803837,,1bedaeaa3d564286b8ff6a77365d3d7b144a6dc97e236466fa7066826a6acd19,dcfddc7a6b25051e78ac61102a0996aa5e330821f61b6ea0d3ac89fe9dcc869d,PASS,../../0.1.3/checkpoint-evidence/raw/performance/dedup_cdc_locality/dedup-cdc-delete-100/perf.jsonl,raw/generations/g0/performance/dedup_cdc_locality/dedup-cdc-delete-100/perf.jsonl
init_namespace,namespace-100000,layerstack_init_ns,2603162083,13565385375,10962223292,421.11182256337435,5.211118225633744,12155402250,1bedaeaa3d564286b8ff6a77365d3d7b144a6dc97e236466fa7066826a6acd19,dcfddc7a6b25051e78ac61102a0996aa5e330821f61b6ea0d3ac89fe9dcc869d,TIMEOUT,../../0.1.3/checkpoint-evidence/raw/performance/init_namespace/namespace-100000/perf.jsonl,raw/generations/g0/performance/init_namespace/namespace-100000/perf.jsonl
dedup_cdc_locality,dedup-cdc-common-body-500,pure_call_sum_ns,244350083,1211042041,966691958,395.61760983727595,4.95617609837276,,1bedaeaa3d564286b8ff6a77365d3d7b144a6dc97e236466fa7066826a6acd19,dcfddc7a6b25051e78ac61102a0996aa5e330821f61b6ea0d3ac89fe9dcc869d,PASS,../../0.1.3/checkpoint-evidence/raw/performance/dedup_cdc_locality/dedup-cdc-common-body-500/perf.jsonl,raw/generations/g0/performance/dedup_cdc_locality/dedup-cdc-common-body-500/perf.jsonl
dedup_cross_file,dedup-cross-file-identical-100,pure_call_sum_ns,28959584,137005375,108045791,373.0916542171324,4.730916542171324,,1bedaeaa3d564286b8ff6a77365d3d7b144a6dc97e236466fa7066826a6acd19,dcfddc7a6b25051e78ac61102a0996aa5e330821f61b6ea0d3ac89fe9dcc869d,PASS,../../0.1.3/checkpoint-evidence/raw/performance/dedup_cross_file/dedup-cross-file-identical-100/perf.jsonl,raw/generations/g0/performance/dedup_cross_file/dedup-cross-file-identical-100/perf.jsonl
dedup_cdc_locality,dedup-cdc-scattered-100,pure_call_sum_ns,89368333,412799209,323430876,361.90769721529887,4.619076972152988,,1bedaeaa3d564286b8ff6a77365d3d7b144a6dc97e236466fa7066826a6acd19,dcfddc7a6b25051e78ac61102a0996aa5e330821f61b6ea0d3ac89fe9dcc869d,PASS,../../0.1.3/checkpoint-evidence/raw/performance/dedup_cdc_locality/dedup-cdc-scattered-100/perf.jsonl,raw/generations/g0/performance/dedup_cdc_locality/dedup-cdc-scattered-100/perf.jsonl
store_footprint,store-footprint-unique-100000,product_call_sum_ns,2982459252,13428984042,10446524790,350.2654657559761,4.502654657559761,,1bedaeaa3d564286b8ff6a77365d3d7b144a6dc97e236466fa7066826a6acd19,dcfddc7a6b25051e78ac61102a0996aa5e330821f61b6ea0d3ac89fe9dcc869d,TIMEOUT,../../0.1.3/checkpoint-evidence/raw/performance/store_footprint/store-footprint-unique-100000/perf.jsonl,raw/generations/g0/performance/store_footprint/store-footprint-unique-100000/perf.jsonl
dedup_cross_file,dedup-cross-file-unique-100,pure_call_sum_ns,93266750,392153250,298886500,320.4641525516864,4.204641525516864,,1bedaeaa3d564286b8ff6a77365d3d7b144a6dc97e236466fa7066826a6acd19,dcfddc7a6b25051e78ac61102a0996aa5e330821f61b6ea0d3ac89fe9dcc869d,PASS,../../0.1.3/checkpoint-evidence/raw/performance/dedup_cross_file/dedup-cross-file-unique-100/perf.jsonl,raw/generations/g0/performance/dedup_cross_file/dedup-cross-file-unique-100/perf.jsonl
dedup_cdc_locality,dedup-cdc-common-body-100,pure_call_sum_ns,58208209,239982625,181774416,312.2831283127093,4.122831283127093,,1bedaeaa3d564286b8ff6a77365d3d7b144a6dc97e236466fa7066826a6acd19,dcfddc7a6b25051e78ac61102a0996aa5e330821f61b6ea0d3ac89fe9dcc869d,PASS,../../0.1.3/checkpoint-evidence/raw/performance/dedup_cdc_locality/dedup-cdc-common-body-100/perf.jsonl,raw/generations/g0/performance/dedup_cdc_locality/dedup-cdc-common-body-100/perf.jsonl
dedup_cross_file,dedup-cross-file-unique-500,pure_call_sum_ns,444949333,1767145542,1322196209,297.1565773759683,3.9715657737596834,,1bedaeaa3d564286b8ff6a77365d3d7b144a6dc97e236466fa7066826a6acd19,dcfddc7a6b25051e78ac61102a0996aa5e330821f61b6ea0d3ac89fe9dcc869d,PASS,../../0.1.3/checkpoint-evidence/raw/performance/dedup_cross_file/dedup-cross-file-unique-500/perf.jsonl,raw/generations/g0/performance/dedup_cross_file/dedup-cross-file-unique-500/perf.jsonl
init_namespace,namespace-10000,layerstack_init_ns,403467916,1541202000,1137734084,281.9887378603854,3.819887378603854,,1bedaeaa3d564286b8ff6a77365d3d7b144a6dc97e236466fa7066826a6acd19,dcfddc7a6b25051e78ac61102a0996aa5e330821f61b6ea0d3ac89fe9dcc869d,PASS,../../0.1.3/checkpoint-evidence/raw/performance/init_namespace/namespace-10000/perf.jsonl,raw/generations/g0/performance/init_namespace/namespace-10000/perf.jsonl
dedup_cdc_locality,dedup-cdc-scattered-500,pure_call_sum_ns,483006833,1804054708,1321047875,273.5050075368188,3.7350500753681883,,1bedaeaa3d564286b8ff6a77365d3d7b144a6dc97e236466fa7066826a6acd19,dcfddc7a6b25051e78ac61102a0996aa5e330821f61b6ea0d3ac89fe9dcc869d,PASS,../../0.1.3/checkpoint-evidence/raw/performance/dedup_cdc_locality/dedup-cdc-scattered-500/perf.jsonl,raw/generations/g0/performance/dedup_cdc_locality/dedup-cdc-scattered-500/perf.jsonl
store_footprint,store-footprint-large-object-500m,product_call_sum_ns,491905625,1720577750,1228672125,249.77801890352444,3.4977801890352445,,1bedaeaa3d564286b8ff6a77365d3d7b144a6dc97e236466fa7066826a6acd19,dcfddc7a6b25051e78ac61102a0996aa5e330821f61b6ea0d3ac89fe9dcc869d,PASS,../../0.1.3/checkpoint-evidence/raw/performance/store_footprint/store-footprint-large-object-500m/perf.jsonl,raw/generations/g0/performance/store_footprint/store-footprint-large-object-500m/perf.jsonl
init_namespace,namespace-1000-compact-v3,layerstack_init_ns,38077083,124906417,86829334,228.03567699763136,3.2803567699763136,,1bedaeaa3d564286b8ff6a77365d3d7b144a6dc97e236466fa7066826a6acd19,dcfddc7a6b25051e78ac61102a0996aa5e330821f61b6ea0d3ac89fe9dcc869d,PASS,../../0.1.3/checkpoint-evidence/raw/performance/init_namespace/namespace-1000-compact-v3/perf.jsonl,raw/generations/g0/performance/init_namespace/namespace-1000-compact-v3/perf.jsonl
dedup_cross_file,dedup-cross-file-mixed-100,pure_call_sum_ns,113943625,360981833,247038208,216.80739751785148,3.168073975178515,,1bedaeaa3d564286b8ff6a77365d3d7b144a6dc97e236466fa7066826a6acd19,dcfddc7a6b25051e78ac61102a0996aa5e330821f61b6ea0d3ac89fe9dcc869d,PASS,../../0.1.3/checkpoint-evidence/raw/performance/dedup_cross_file/dedup-cross-file-mixed-100/perf.jsonl,raw/generations/g0/performance/dedup_cross_file/dedup-cross-file-mixed-100/perf.jsonl
dedup_cross_file,dedup-cross-file-mixed-500,pure_call_sum_ns,541992375,1654478334,1112485959,205.25859962513312,3.052585996251331,,1bedaeaa3d564286b8ff6a77365d3d7b144a6dc97e236466fa7066826a6acd19,dcfddc7a6b25051e78ac61102a0996aa5e330821f61b6ea0d3ac89fe9dcc869d,PASS,../../0.1.3/checkpoint-evidence/raw/performance/dedup_cross_file/dedup-cross-file-mixed-500/perf.jsonl,raw/generations/g0/performance/dedup_cross_file/dedup-cross-file-mixed-500/perf.jsonl
init_namespace,namespace-100-compact-v3,layerstack_init_ns,8901875,24644250,15742375,176.8433616513375,2.768433616513375,24883042,1bedaeaa3d564286b8ff6a77365d3d7b144a6dc97e236466fa7066826a6acd19,dcfddc7a6b25051e78ac61102a0996aa5e330821f61b6ea0d3ac89fe9dcc869d,PASS,../../0.1.3/checkpoint-evidence/raw/performance/init_namespace/namespace-100-compact-v3/perf.jsonl,raw/generations/g0/performance/init_namespace/namespace-100-compact-v3/perf.jsonl
dedup_cdc_locality,dedup-cdc-scattered-1,pure_call_sum_ns,4647500,10418583,5771083,124.17607315761163,2.2417607315761163,,1bedaeaa3d564286b8ff6a77365d3d7b144a6dc97e236466fa7066826a6acd19,dcfddc7a6b25051e78ac61102a0996aa5e330821f61b6ea0d3ac89fe9dcc869d,PASS,../../0.1.3/checkpoint-evidence/raw/performance/dedup_cdc_locality/dedup-cdc-scattered-1/perf.jsonl,raw/generations/g0/performance/dedup_cdc_locality/dedup-cdc-scattered-1/perf.jsonl
edit_canonical_chunk_count,overwrite-fixed-64k-chunk-count-decrease-on-100mib-ops-1,edit_commit_ns,7582042,16287209,8705167,114.81296199625378,2.1481296199625377,,1bedaeaa3d564286b8ff6a77365d3d7b144a6dc97e236466fa7066826a6acd19,dcfddc7a6b25051e78ac61102a0996aa5e330821f61b6ea0d3ac89fe9dcc869d,PASS,../../0.1.3/checkpoint-evidence/raw/performance/edit_canonical_chunk_count/overwrite-fixed-64k-chunk-count-decrease-on-100mib-ops-1/perf.jsonl,raw/generations/g0/performance/edit_canonical_chunk_count/overwrite-fixed-64k-chunk-count-decrease-on-100mib-ops-1/perf.jsonl
dedup_cdc_locality,dedup-cdc-scattered-10,pure_call_sum_ns,23469041,44007000,20537959,87.51085738867643,1.8751085738867643,,1bedaeaa3d564286b8ff6a77365d3d7b144a6dc97e236466fa7066826a6acd19,dcfddc7a6b25051e78ac61102a0996aa5e330821f61b6ea0d3ac89fe9dcc869d,PASS,../../0.1.3/checkpoint-evidence/raw/performance/dedup_cdc_locality/dedup-cdc-scattered-10/perf.jsonl,raw/generations/g0/performance/dedup_cdc_locality/dedup-cdc-scattered-10/perf.jsonl
dedup_cross_file,dedup-cross-file-unique-10,pure_call_sum_ns,22389542,41277916,18888374,84.36248494944648,1.843624849494465,,1bedaeaa3d564286b8ff6a77365d3d7b144a6dc97e236466fa7066826a6acd19,dcfddc7a6b25051e78ac61102a0996aa5e330821f61b6ea0d3ac89fe9dcc869d,PASS,../../0.1.3/checkpoint-evidence/raw/performance/dedup_cross_file/dedup-cross-file-unique-10/perf.jsonl,raw/generations/g0/performance/dedup_cross_file/dedup-cross-file-unique-10/perf.jsonl
tiny_file_churn,tiny-unlink-100-mixed-v4,pure_call_sum_ns,50918082,82241875,31323793,61.51801436668412,1.6151801436668412,,1bedaeaa3d564286b8ff6a77365d3d7b144a6dc97e236466fa7066826a6acd19,dcfddc7a6b25051e78ac61102a0996aa5e330821f61b6ea0d3ac89fe9dcc869d,PASS,../../0.1.3/checkpoint-evidence/raw/performance/tiny_file_churn/tiny-unlink-100-mixed-v4/perf.jsonl,raw/generations/g0/performance/tiny_file_churn/tiny-unlink-100-mixed-v4/perf.jsonl
store_footprint,store-footprint-metadata-cardinality-100-low-v1,product_call_sum_ns,35869626,57847875,21978249,61.27259035262871,1.612725903526287,,1bedaeaa3d564286b8ff6a77365d3d7b144a6dc97e236466fa7066826a6acd19,dcfddc7a6b25051e78ac61102a0996aa5e330821f61b6ea0d3ac89fe9dcc869d,PASS,../../0.1.3/checkpoint-evidence/raw/performance/store_footprint/store-footprint-metadata-cardinality-100-low-v1/perf.jsonl,raw/generations/g0/performance/store_footprint/store-footprint-metadata-cardinality-100-low-v1/perf.jsonl
store_footprint,store-footprint-unique-100-low-v1,product_call_sum_ns,31947543,49220874,17273331,54.06779169214985,1.5406779169214986,,1bedaeaa3d564286b8ff6a77365d3d7b144a6dc97e236466fa7066826a6acd19,dcfddc7a6b25051e78ac61102a0996aa5e330821f61b6ea0d3ac89fe9dcc869d,PASS,../../0.1.3/checkpoint-evidence/raw/performance/store_footprint/store-footprint-unique-100-low-v1/perf.jsonl,raw/generations/g0/performance/store_footprint/store-footprint-unique-100-low-v1/perf.jsonl
tiny_file_churn,tiny-stat-100-mixed-v4,pure_call_sum_ns,37810208,57119584,19309376,51.069213901177164,1.5106921390117716,,1bedaeaa3d564286b8ff6a77365d3d7b144a6dc97e236466fa7066826a6acd19,dcfddc7a6b25051e78ac61102a0996aa5e330821f61b6ea0d3ac89fe9dcc869d,PASS,../../0.1.3/checkpoint-evidence/raw/performance/tiny_file_churn/tiny-stat-100-mixed-v4/perf.jsonl,raw/generations/g0/performance/tiny_file_churn/tiny-stat-100-mixed-v4/perf.jsonl
dedup_cross_file,dedup-cross-file-mixed-10,pure_call_sum_ns,24046375,34914167,10867792,45.195136481070435,1.4519513648107043,,1bedaeaa3d564286b8ff6a77365d3d7b144a6dc97e236466fa7066826a6acd19,dcfddc7a6b25051e78ac61102a0996aa5e330821f61b6ea0d3ac89fe9dcc869d,PASS,../../0.1.3/checkpoint-evidence/raw/performance/dedup_cross_file/dedup-cross-file-mixed-10/perf.jsonl,raw/generations/g0/performance/dedup_cross_file/dedup-cross-file-mixed-10/perf.jsonl
store_footprint,store-footprint-large-object-10m-low-v1,product_call_sum_ns,43893543,62524460,18630917,42.4456895630412,1.424456895630412,,1bedaeaa3d564286b8ff6a77365d3d7b144a6dc97e236466fa7066826a6acd19,dcfddc7a6b25051e78ac61102a0996aa5e330821f61b6ea0d3ac89fe9dcc869d,PASS,../../0.1.3/checkpoint-evidence/raw/performance/store_footprint/store-footprint-large-object-10m-low-v1/perf.jsonl,raw/generations/g0/performance/store_footprint/store-footprint-large-object-10m-low-v1/perf.jsonl
dedup_cdc_locality,dedup-cdc-common-body-10,pure_call_sum_ns,20395333,28841750,8446417,41.413479250375566,1.4141347925037557,,1bedaeaa3d564286b8ff6a77365d3d7b144a6dc97e236466fa7066826a6acd19,dcfddc7a6b25051e78ac61102a0996aa5e330821f61b6ea0d3ac89fe9dcc869d,PASS,../../0.1.3/checkpoint-evidence/raw/performance/dedup_cdc_locality/dedup-cdc-common-body-10/perf.jsonl,raw/generations/g0/performance/dedup_cdc_locality/dedup-cdc-common-body-10/perf.jsonl
tiny_file_churn,tiny-stat-500-mixed-v4,pure_call_sum_ns,55349375,76411501,21062126,38.05305118621484,1.3805305118621485,,1bedaeaa3d564286b8ff6a77365d3d7b144a6dc97e236466fa7066826a6acd19,dcfddc7a6b25051e78ac61102a0996aa5e330821f61b6ea0d3ac89fe9dcc869d,PASS,../../0.1.3/checkpoint-evidence/raw/performance/tiny_file_churn/tiny-stat-500-mixed-v4/perf.jsonl,raw/generations/g0/performance/tiny_file_churn/tiny-stat-500-mixed-v4/perf.jsonl
dedup_branch_history,dedup-history-recurring-500,pure_call_sum_ns,2145416191,2910977735,765561544,35.68359124031613,1.3568359124031613,,1bedaeaa3d564286b8ff6a77365d3d7b144a6dc97e236466fa7066826a6acd19,dcfddc7a6b25051e78ac61102a0996aa5e330821f61b6ea0d3ac89fe9dcc869d,PASS,../../0.1.3/checkpoint-evidence/raw/performance/dedup_branch_history/dedup-history-recurring-500/perf.jsonl.gz,raw/generations/g0/performance/dedup_branch_history/dedup-history-recurring-500/perf.jsonl
directory_construction_traversal,directory-content-scan-500-mixed-v4,pure_call_sum_ns,3906595000,5275265667,1368670667,35.0348747950581,1.350348747950581,,1bedaeaa3d564286b8ff6a77365d3d7b144a6dc97e236466fa7066826a6acd19,dcfddc7a6b25051e78ac61102a0996aa5e330821f61b6ea0d3ac89fe9dcc869d,PASS,../../0.1.3/checkpoint-evidence/raw/performance/directory_construction_traversal/directory-content-scan-500-mixed-v4/perf.jsonl,raw/generations/g0/performance/directory_construction_traversal/directory-content-scan-500-mixed-v4/perf.jsonl
directory_construction_traversal,directory-construct-1-compact-v2,pure_call_sum_ns,17022374,22701626,5679252,33.36345447468138,1.3336345447468139,,1bedaeaa3d564286b8ff6a77365d3d7b144a6dc97e236466fa7066826a6acd19,dcfddc7a6b25051e78ac61102a0996aa5e330821f61b6ea0d3ac89fe9dcc869d,PASS,../../0.1.3/checkpoint-evidence/raw/performance/directory_construction_traversal/directory-construct-1-compact-v2/perf.jsonl,raw/generations/g0/performance/directory_construction_traversal/directory-construct-1-compact-v2/perf.jsonl
payload_create_read,payload-create-500m,pure_call_sum_ns,3068249542,4051680834,983431292,32.05186796374335,1.3205186796374335,3825552959,1bedaeaa3d564286b8ff6a77365d3d7b144a6dc97e236466fa7066826a6acd19,dcfddc7a6b25051e78ac61102a0996aa5e330821f61b6ea0d3ac89fe9dcc869d,PASS,../../0.1.3/checkpoint-evidence/raw/performance/payload_create_read/payload-create-500m/perf.jsonl,raw/generations/g0/performance/payload_create_read/payload-create-500m/perf.jsonl
workspace_change_locality,workspace-fixed-move-500-mixed-v4,pure_call_sum_ns,27589207,36403333,8814126,31.947732314306823,1.3194773231430683,,1bedaeaa3d564286b8ff6a77365d3d7b144a6dc97e236466fa7066826a6acd19,dcfddc7a6b25051e78ac61102a0996aa5e330821f61b6ea0d3ac89fe9dcc869d,PASS,../../0.1.3/checkpoint-evidence/raw/performance/workspace_change_locality/workspace-fixed-move-500-mixed-v4/perf.jsonl,raw/generations/g0/performance/workspace_change_locality/workspace-fixed-move-500-mixed-v4/perf.jsonl
dedup_branch_history,dedup-history-recurring-1,pure_call_sum_ns,21456208,28300541,6844333,31.899080210258962,1.3189908021025896,,1bedaeaa3d564286b8ff6a77365d3d7b144a6dc97e236466fa7066826a6acd19,dcfddc7a6b25051e78ac61102a0996aa5e330821f61b6ea0d3ac89fe9dcc869d,PASS,../../0.1.3/checkpoint-evidence/raw/performance/dedup_branch_history/dedup-history-recurring-1/perf.jsonl,raw/generations/g0/performance/dedup_branch_history/dedup-history-recurring-1/perf.jsonl
tiny_file_churn,tiny-create-100-mixed-v4,pure_call_sum_ns,53616291,70117042,16500751,30.775629369812247,1.3077562936981224,,1bedaeaa3d564286b8ff6a77365d3d7b144a6dc97e236466fa7066826a6acd19,dcfddc7a6b25051e78ac61102a0996aa5e330821f61b6ea0d3ac89fe9dcc869d,PASS,../../0.1.3/checkpoint-evidence/raw/performance/tiny_file_churn/tiny-create-100-mixed-v4/perf.jsonl,raw/generations/g0/performance/tiny_file_churn/tiny-create-100-mixed-v4/perf.jsonl
workspace_change_locality,workspace-fixed-move-1-compact-v2,pure_call_sum_ns,19708292,25695959,5987667,30.38146075773588,1.303814607577359,,1bedaeaa3d564286b8ff6a77365d3d7b144a6dc97e236466fa7066826a6acd19,dcfddc7a6b25051e78ac61102a0996aa5e330821f61b6ea0d3ac89fe9dcc869d,PASS,../../0.1.3/checkpoint-evidence/raw/performance/workspace_change_locality/workspace-fixed-move-1-compact-v2/perf.jsonl,raw/generations/g0/performance/workspace_change_locality/workspace-fixed-move-1-compact-v2/perf.jsonl
namespace_mutation,namespace-subtree-relocate-delete-100-mixed-v4,pure_call_sum_ns,51018082,66476375,15458293,30.299635725231692,1.3029963572523169,,1bedaeaa3d564286b8ff6a77365d3d7b144a6dc97e236466fa7066826a6acd19,dcfddc7a6b25051e78ac61102a0996aa5e330821f61b6ea0d3ac89fe9dcc869d,PASS,../../0.1.3/checkpoint-evidence/raw/performance/namespace_mutation/namespace-subtree-relocate-delete-100-mixed-v4/perf.jsonl,raw/generations/g0/performance/namespace_mutation/namespace-subtree-relocate-delete-100-mixed-v4/perf.jsonl
