version,role_class,role,kind,physical_records_count,decoded_record_bytes,reconstructed_canonical_bytes,population,snapshot,provenance,status
1,directory_map_leaf,directory_map_leaf,FULL,122,586568,586446,exact decoded composition; no compressed per-record attribution,final pre-verification immutable logical snapshot; allocation not equivalent,/Users/yifanxu/Ephemeral-AI-Lab/layerfs-storage-v3-runs/issue88-SP-candidate-census-1/roles-inventory.sqlite; bound exact-decoder proof /Users/yifanxu/Ephemeral-AI-Lab/layerfs-storage-v3-runs/issue88-SP-candidate-proof-1/inventory-proof.json#records/group role classes,derived
1,inode_record,inode_record,FULL,170,16830,16660,exact decoded composition; no compressed per-record attribution,final pre-verification immutable logical snapshot; allocation not equivalent,/Users/yifanxu/Ephemeral-AI-Lab/layerfs-storage-v3-runs/issue88-SP-candidate-census-1/roles-inventory.sqlite; bound exact-decoder proof /Users/yifanxu/Ephemeral-AI-Lab/layerfs-storage-v3-runs/issue88-SP-candidate-proof-1/inventory-proof.json#records/group role classes,derived
1,inode_table_leaf,inode_table_leaf,DELTA,78,53714,453096,exact decoded composition; no compressed per-record attribution,final pre-verification immutable logical snapshot; allocation not equivalent,/Users/yifanxu/Ephemeral-AI-Lab/layerfs-storage-v3-runs/issue88-SP-candidate-census-1/roles-inventory.sqlite; bound exact-decoder proof /Users/yifanxu/Ephemeral-AI-Lab/layerfs-storage-v3-runs/issue88-SP-candidate-proof-1/inventory-proof.json#records/group role classes,derived
1,inode_table_leaf,inode_table_leaf,FULL,62,364134,364072,exact decoded composition; no compressed per-record attribution,final pre-verification immutable logical snapshot; allocation not equivalent,/Users/yifanxu/Ephemeral-AI-Lab/layerfs-storage-v3-runs/issue88-SP-candidate-census-1/roles-inventory.sqlite; bound exact-decoder proof /Users/yifanxu/Ephemeral-AI-Lab/layerfs-storage-v3-runs/issue88-SP-candidate-proof-1/inventory-proof.json#records/group role classes,derived
1,mixed_roles,FileState,FULL,75927,8124189,8048262,exact decoded composition; no compressed per-record attribution,final pre-verification immutable logical snapshot; allocation not equivalent,/Users/yifanxu/Ephemeral-AI-Lab/layerfs-storage-v3-runs/issue88-SP-candidate-census-1/roles-inventory.sqlite; bound exact-decoder proof /Users/yifanxu/Ephemeral-AI-Lab/layerfs-storage-v3-runs/issue88-SP-candidate-proof-1/inventory-proof.json#records/group role classes,derived
1,mixed_roles,directory_map_branch,FULL,406,160862,160456,exact decoded composition; no compressed per-record attribution,final pre-verification immutable logical snapshot; allocation not equivalent,/Users/yifanxu/Ephemeral-AI-Lab/layerfs-storage-v3-runs/issue88-SP-candidate-census-1/roles-inventory.sqlite; bound exact-decoder proof /Users/yifanxu/Ephemeral-AI-Lab/layerfs-storage-v3-runs/issue88-SP-candidate-proof-1/inventory-proof.json#records/group role classes,derived
1,mixed_roles,directory_map_leaf,FULL,13901,10668062,10654161,exact decoded composition; no compressed per-record attribution,final pre-verification immutable logical snapshot; allocation not equivalent,/Users/yifanxu/Ephemeral-AI-Lab/layerfs-storage-v3-runs/issue88-SP-candidate-census-1/roles-inventory.sqlite; bound exact-decoder proof /Users/yifanxu/Ephemeral-AI-Lab/layerfs-storage-v3-runs/issue88-SP-candidate-proof-1/inventory-proof.json#records/group role classes,derived
1,mixed_roles,directory_state,FULL,13647,1351053,1337406,exact decoded composition; no compressed per-record attribution,final pre-verification immutable logical snapshot; allocation not equivalent,/Users/yifanxu/Ephemeral-AI-Lab/layerfs-storage-v3-runs/issue88-SP-candidate-census-1/roles-inventory.sqlite; bound exact-decoder proof /Users/yifanxu/Ephemeral-AI-Lab/layerfs-storage-v3-runs/issue88-SP-candidate-proof-1/inventory-proof.json#records/group role classes,derived
1,mixed_roles,extent_leaf,FULL,75927,7413035,7337108,exact decoded composition; no compressed per-record attribution,final pre-verification immutable logical snapshot; allocation not equivalent,/Users/yifanxu/Ephemeral-AI-Lab/layerfs-storage-v3-runs/issue88-SP-candidate-census-1/roles-inventory.sqlite; bound exact-decoder proof /Users/yifanxu/Ephemeral-AI-Lab/layerfs-storage-v3-runs/issue88-SP-candidate-proof-1/inventory-proof.json#records/group role classes,derived
1,mixed_roles,inode_record,FULL,89406,8851194,8761788,exact decoded composition; no compressed per-record attribution,final pre-verification immutable logical snapshot; allocation not equivalent,/Users/yifanxu/Ephemeral-AI-Lab/layerfs-storage-v3-runs/issue88-SP-candidate-census-1/roles-inventory.sqlite; bound exact-decoder proof /Users/yifanxu/Ephemeral-AI-Lab/layerfs-storage-v3-runs/issue88-SP-candidate-proof-1/inventory-proof.json#records/group role classes,derived
1,mixed_roles,inode_table_branch,FULL,163,658535,658372,exact decoded composition; no compressed per-record attribution,final pre-verification immutable logical snapshot; allocation not equivalent,/Users/yifanxu/Ephemeral-AI-Lab/layerfs-storage-v3-runs/issue88-SP-candidate-census-1/roles-inventory.sqlite; bound exact-decoder proof /Users/yifanxu/Ephemeral-AI-Lab/layerfs-storage-v3-runs/issue88-SP-candidate-proof-1/inventory-proof.json#records/group role classes,derived
1,mixed_roles,inode_table_leaf,DELTA,4505,5384369,26253580,exact decoded composition; no compressed per-record attribution,final pre-verification immutable logical snapshot; allocation not equivalent,/Users/yifanxu/Ephemeral-AI-Lab/layerfs-storage-v3-runs/issue88-SP-candidate-census-1/roles-inventory.sqlite; bound exact-decoder proof /Users/yifanxu/Ephemeral-AI-Lab/layerfs-storage-v3-runs/issue88-SP-candidate-proof-1/inventory-proof.json#records/group role classes,derived
1,mixed_roles,inode_table_leaf,FULL,5247,29725267,29720020,exact decoded composition; no compressed per-record attribution,final pre-verification immutable logical snapshot; allocation not equivalent,/Users/yifanxu/Ephemeral-AI-Lab/layerfs-storage-v3-runs/issue88-SP-candidate-census-1/roles-inventory.sqlite; bound exact-decoder proof /Users/yifanxu/Ephemeral-AI-Lab/layerfs-storage-v3-runs/issue88-SP-candidate-proof-1/inventory-proof.json#records/group role classes,derived
1,mixed_roles,metadata_map_leaf,FULL,4,576,572,exact decoded composition; no compressed per-record attribution,final pre-verification immutable logical snapshot; allocation not equivalent,/Users/yifanxu/Ephemeral-AI-Lab/layerfs-storage-v3-runs/issue88-SP-candidate-census-1/roles-inventory.sqlite; bound exact-decoder proof /Users/yifanxu/Ephemeral-AI-Lab/layerfs-storage-v3-runs/issue88-SP-candidate-proof-1/inventory-proof.json#records/group role classes,derived
1,mixed_roles,namespace_root,FULL,158,19276,19118,exact decoded composition; no compressed per-record attribution,final pre-verification immutable logical snapshot; allocation not equivalent,/Users/yifanxu/Ephemeral-AI-Lab/layerfs-storage-v3-runs/issue88-SP-candidate-census-1/roles-inventory.sqlite; bound exact-decoder proof /Users/yifanxu/Ephemeral-AI-Lab/layerfs-storage-v3-runs/issue88-SP-candidate-proof-1/inventory-proof.json#records/group role classes,derived
1,mixed_roles,symlink_state,FULL,7,449,442,exact decoded composition; no compressed per-record attribution,final pre-verification immutable logical snapshot; allocation not equivalent,/Users/yifanxu/Ephemeral-AI-Lab/layerfs-storage-v3-runs/issue88-SP-candidate-census-1/roles-inventory.sqlite; bound exact-decoder proof /Users/yifanxu/Ephemeral-AI-Lab/layerfs-storage-v3-runs/issue88-SP-candidate-proof-1/inventory-proof.json#records/group role classes,derived
1,payload_chunk,payload_chunk,FULL,5,146,141,exact decoded composition; no compressed per-record attribution,final pre-verification immutable logical snapshot; allocation not equivalent,/Users/yifanxu/Ephemeral-AI-Lab/layerfs-storage-v3-runs/issue88-SP-candidate-census-1/roles-inventory.sqlite; bound exact-decoder proof /Users/yifanxu/Ephemeral-AI-Lab/layerfs-storage-v3-runs/issue88-SP-candidate-proof-1/inventory-proof.json#records/group role classes,derived
2,payload_chunk,payload_chunk,NATIVE_FULL,28106,68575780,195941878,exact decoded composition; no compressed per-record attribution,final pre-verification immutable logical snapshot; allocation not equivalent,/Users/yifanxu/Ephemeral-AI-Lab/layerfs-storage-v3-runs/issue88-SP-candidate-census-1/roles-inventory.sqlite; bound exact-decoder proof /Users/yifanxu/Ephemeral-AI-Lab/layerfs-storage-v3-runs/issue88-SP-candidate-proof-1/inventory-proof.json#records/group role classes,derived
2,payload_chunk,payload_chunk,NATIVE_PREFIX,58306,29313120,509220935,exact decoded composition; no compressed per-record attribution,final pre-verification immutable logical snapshot; allocation not equivalent,/Users/yifanxu/Ephemeral-AI-Lab/layerfs-storage-v3-runs/issue88-SP-candidate-census-1/roles-inventory.sqlite; bound exact-decoder proof /Users/yifanxu/Ephemeral-AI-Lab/layerfs-storage-v3-runs/issue88-SP-candidate-proof-1/inventory-proof.json#records/group role classes,derived
