family,case,classification,historical_seed,candidate_seed_or_repetition,timer,fixture_profile,fixture_bytes,fixture_files,route,setup_policy,registered_seed_min,registered_seed_max,reason
payload_create_read,payload-create-1m-compact-v2,directly-comparable,1,1,pure_call_sum_ns,compact-low-tier-v2,0,0,workspace,post-init,1,3,"Identical family, fixture generator, schedule, operation and timer source at v0.1.3 and candidate; runtime recipe/content and timer validation required. Optional endurance unexecuted historically."
payload_create_read,payload-create-10m-compact-v2,directly-comparable,1,1,pure_call_sum_ns,compact-low-tier-v2,0,0,workspace,post-init,1,3,"Identical family, fixture generator, schedule, operation and timer source at v0.1.3 and candidate; runtime recipe/content and timer validation required. Optional endurance unexecuted historically."
payload_create_read,payload-create-100m,directly-comparable,1,1,pure_call_sum_ns,registered-fixture,0,0,workspace,post-init,1,3,"Identical family, fixture generator, schedule, operation and timer source at v0.1.3 and candidate; runtime recipe/content and timer validation required. Optional endurance unexecuted historically."
payload_create_read,payload-create-500m,directly-comparable,1,1,pure_call_sum_ns,registered-fixture,0,0,workspace,post-init,1,3,"Identical family, fixture generator, schedule, operation and timer source at v0.1.3 and candidate; runtime recipe/content and timer validation required. Optional endurance unexecuted historically."
payload_create_read,payload-random-read-1-compact-v2,directly-comparable,1,1,pure_call_sum_ns,compact-low-tier-v2,1048576,1,workspace,post-init,1,3,"Identical family, fixture generator, schedule, operation and timer source at v0.1.3 and candidate; runtime recipe/content and timer validation required. Optional endurance unexecuted historically."
payload_create_read,payload-random-read-10-compact-v2,directly-comparable,1,1,pure_call_sum_ns,compact-low-tier-v2,10485760,1,workspace,post-init,1,3,"Identical family, fixture generator, schedule, operation and timer source at v0.1.3 and candidate; runtime recipe/content and timer validation required. Optional endurance unexecuted historically."
payload_create_read,payload-random-read-100,directly-comparable,1,1,pure_call_sum_ns,registered-fixture,524288000,1,workspace,post-init,1,3,"Identical family, fixture generator, schedule, operation and timer source at v0.1.3 and candidate; runtime recipe/content and timer validation required. Optional endurance unexecuted historically."
payload_create_read,payload-random-read-500,directly-comparable,1,1,pure_call_sum_ns,registered-fixture,524288000,1,workspace,post-init,1,3,"Identical family, fixture generator, schedule, operation and timer source at v0.1.3 and candidate; runtime recipe/content and timer validation required. Optional endurance unexecuted historically."
dedup_workspace_reuse,dedup-workspace-exact-1-compact-v2,directly-comparable,1,1,pure_call_sum_ns,compact-low-tier-v2,1048576,1,workspace,post-init,1,3,"Identical family, fixture generator, schedule, operation and timer source at v0.1.3 and candidate; runtime recipe/content and timer validation required. Optional endurance unexecuted historically."
dedup_workspace_reuse,dedup-workspace-exact-10-compact-v2,directly-comparable,1,1,pure_call_sum_ns,compact-low-tier-v2,10485760,10,workspace,post-init,1,3,"Identical family, fixture generator, schedule, operation and timer source at v0.1.3 and candidate; runtime recipe/content and timer validation required. Optional endurance unexecuted historically."
dedup_workspace_reuse,dedup-workspace-exact-100,directly-comparable,1,1,pure_call_sum_ns,registered-fixture,134217728,128,workspace,post-init,1,3,"Identical family, fixture generator, schedule, operation and timer source at v0.1.3 and candidate; runtime recipe/content and timer validation required. Optional endurance unexecuted historically."
dedup_workspace_reuse,dedup-workspace-exact-500,directly-comparable,1,1,pure_call_sum_ns,registered-fixture,134217728,128,workspace,post-init,1,3,"Identical family, fixture generator, schedule, operation and timer source at v0.1.3 and candidate; runtime recipe/content and timer validation required. Optional endurance unexecuted historically."
dedup_workspace_reuse,dedup-workspace-local-1-compact-v2,directly-comparable,1,1,pure_call_sum_ns,compact-low-tier-v2,1048576,1,workspace,post-init,1,3,"Identical family, fixture generator, schedule, operation and timer source at v0.1.3 and candidate; runtime recipe/content and timer validation required. Optional endurance unexecuted historically."
dedup_workspace_reuse,dedup-workspace-local-10-compact-v2,directly-comparable,1,1,pure_call_sum_ns,compact-low-tier-v2,10485760,10,workspace,post-init,1,3,"Identical family, fixture generator, schedule, operation and timer source at v0.1.3 and candidate; runtime recipe/content and timer validation required. Optional endurance unexecuted historically."
dedup_workspace_reuse,dedup-workspace-local-100,directly-comparable,1,1,pure_call_sum_ns,registered-fixture,134217728,128,workspace,post-init,1,3,"Identical family, fixture generator, schedule, operation and timer source at v0.1.3 and candidate; runtime recipe/content and timer validation required. Optional endurance unexecuted historically."
dedup_workspace_reuse,dedup-workspace-local-500,directly-comparable,1,1,pure_call_sum_ns,registered-fixture,134217728,128,workspace,post-init,1,3,"Identical family, fixture generator, schedule, operation and timer source at v0.1.3 and candidate; runtime recipe/content and timer validation required. Optional endurance unexecuted historically."
dedup_workspace_reuse,dedup-workspace-unique-1-compact-v2,directly-comparable,1,1,pure_call_sum_ns,compact-low-tier-v2,1048576,1,workspace,post-init,1,3,"Identical family, fixture generator, schedule, operation and timer source at v0.1.3 and candidate; runtime recipe/content and timer validation required. Optional endurance unexecuted historically."
dedup_workspace_reuse,dedup-workspace-unique-10-compact-v2,directly-comparable,1,1,pure_call_sum_ns,compact-low-tier-v2,10485760,10,workspace,post-init,1,3,"Identical family, fixture generator, schedule, operation and timer source at v0.1.3 and candidate; runtime recipe/content and timer validation required. Optional endurance unexecuted historically."
dedup_workspace_reuse,dedup-workspace-unique-100,directly-comparable,1,1,pure_call_sum_ns,registered-fixture,134217728,128,workspace,post-init,1,3,"Identical family, fixture generator, schedule, operation and timer source at v0.1.3 and candidate; runtime recipe/content and timer validation required. Optional endurance unexecuted historically."
dedup_workspace_reuse,dedup-workspace-unique-500,directly-comparable,1,1,pure_call_sum_ns,registered-fixture,134217728,128,workspace,post-init,1,3,"Identical family, fixture generator, schedule, operation and timer source at v0.1.3 and candidate; runtime recipe/content and timer validation required. Optional endurance unexecuted historically."
dedup_workspace_reuse,dedup-workspace-unique-1-base128-v3,directly-comparable,1,1,pure_call_sum_ns,registered-fixture,134217728,128,workspace,post-init,1,3,"Identical family, fixture generator, schedule, operation and timer source at v0.1.3 and candidate; runtime recipe/content and timer validation required. Optional endurance unexecuted historically."
dedup_workspace_reuse,dedup-workspace-unique-10-base128-v3,directly-comparable,1,1,pure_call_sum_ns,registered-fixture,134217728,128,workspace,post-init,1,3,"Identical family, fixture generator, schedule, operation and timer source at v0.1.3 and candidate; runtime recipe/content and timer validation required. Optional endurance unexecuted historically."
dedup_cross_file,dedup-cross-file-anchor-1,directly-comparable,1,1,pure_call_sum_ns,registered-fixture,1048576,1,workspace,fresh-output,1,3,"Identical family, fixture generator, schedule, operation and timer source at v0.1.3 and candidate; runtime recipe/content and timer validation required. Optional endurance unexecuted historically."
dedup_cross_file,dedup-cross-file-unique-10,directly-comparable,1,1,pure_call_sum_ns,registered-fixture,10485760,10,workspace,fresh-output,1,3,"Identical family, fixture generator, schedule, operation and timer source at v0.1.3 and candidate; runtime recipe/content and timer validation required. Optional endurance unexecuted historically."
dedup_cross_file,dedup-cross-file-unique-100,directly-comparable,1,1,pure_call_sum_ns,registered-fixture,104857600,100,workspace,fresh-output,1,3,"Identical family, fixture generator, schedule, operation and timer source at v0.1.3 and candidate; runtime recipe/content and timer validation required. Optional endurance unexecuted historically."
dedup_cross_file,dedup-cross-file-unique-500,directly-comparable,1,1,pure_call_sum_ns,registered-fixture,524288000,500,workspace,fresh-output,1,3,"Identical family, fixture generator, schedule, operation and timer source at v0.1.3 and candidate; runtime recipe/content and timer validation required. Optional endurance unexecuted historically."
dedup_cross_file,dedup-cross-file-identical-10,directly-comparable,1,1,pure_call_sum_ns,registered-fixture,10485760,10,workspace,fresh-output,1,3,"Identical family, fixture generator, schedule, operation and timer source at v0.1.3 and candidate; runtime recipe/content and timer validation required. Optional endurance unexecuted historically."
dedup_cross_file,dedup-cross-file-identical-100,directly-comparable,1,1,pure_call_sum_ns,registered-fixture,104857600,100,workspace,fresh-output,1,3,"Identical family, fixture generator, schedule, operation and timer source at v0.1.3 and candidate; runtime recipe/content and timer validation required. Optional endurance unexecuted historically."
dedup_cross_file,dedup-cross-file-identical-500,directly-comparable,1,1,pure_call_sum_ns,registered-fixture,524288000,500,workspace,fresh-output,1,3,"Identical family, fixture generator, schedule, operation and timer source at v0.1.3 and candidate; runtime recipe/content and timer validation required. Optional endurance unexecuted historically."
dedup_cross_file,dedup-cross-file-mixed-10,directly-comparable,1,1,pure_call_sum_ns,registered-fixture,10485760,10,workspace,fresh-output,1,3,"Identical family, fixture generator, schedule, operation and timer source at v0.1.3 and candidate; runtime recipe/content and timer validation required. Optional endurance unexecuted historically."
dedup_cross_file,dedup-cross-file-mixed-100,directly-comparable,1,1,pure_call_sum_ns,registered-fixture,104857600,100,workspace,fresh-output,1,3,"Identical family, fixture generator, schedule, operation and timer source at v0.1.3 and candidate; runtime recipe/content and timer validation required. Optional endurance unexecuted historically."
dedup_cross_file,dedup-cross-file-mixed-500,directly-comparable,1,1,pure_call_sum_ns,registered-fixture,524288000,500,workspace,fresh-output,1,3,"Identical family, fixture generator, schedule, operation and timer source at v0.1.3 and candidate; runtime recipe/content and timer validation required. Optional endurance unexecuted historically."
dedup_cdc_locality,dedup-cdc-overwrite-1,directly-comparable,1,1,pure_call_sum_ns,registered-fixture,2097152,2,workspace,fresh-output,1,3,"Identical family, fixture generator, schedule, operation and timer source at v0.1.3 and candidate; runtime recipe/content and timer validation required. Optional endurance unexecuted historically."
dedup_cdc_locality,dedup-cdc-overwrite-10,directly-comparable,1,1,pure_call_sum_ns,registered-fixture,11534336,11,workspace,fresh-output,1,3,"Identical family, fixture generator, schedule, operation and timer source at v0.1.3 and candidate; runtime recipe/content and timer validation required. Optional endurance unexecuted historically."
dedup_cdc_locality,dedup-cdc-overwrite-100,directly-comparable,1,1,pure_call_sum_ns,registered-fixture,105906176,101,workspace,fresh-output,1,3,"Identical family, fixture generator, schedule, operation and timer source at v0.1.3 and candidate; runtime recipe/content and timer validation required. Optional endurance unexecuted historically."
dedup_cdc_locality,dedup-cdc-overwrite-500,directly-comparable,1,1,pure_call_sum_ns,registered-fixture,525336576,501,workspace,fresh-output,1,3,"Identical family, fixture generator, schedule, operation and timer source at v0.1.3 and candidate; runtime recipe/content and timer validation required. Optional endurance unexecuted historically."
dedup_cdc_locality,dedup-cdc-insert-1,directly-comparable,1,1,pure_call_sum_ns,registered-fixture,2101248,2,workspace,fresh-output,1,3,"Identical family, fixture generator, schedule, operation and timer source at v0.1.3 and candidate; runtime recipe/content and timer validation required. Optional endurance unexecuted historically."
dedup_cdc_locality,dedup-cdc-insert-10,directly-comparable,1,1,pure_call_sum_ns,registered-fixture,11575296,11,workspace,fresh-output,1,3,"Identical family, fixture generator, schedule, operation and timer source at v0.1.3 and candidate; runtime recipe/content and timer validation required. Optional endurance unexecuted historically."
dedup_cdc_locality,dedup-cdc-insert-100,directly-comparable,1,1,pure_call_sum_ns,registered-fixture,106315776,101,workspace,fresh-output,1,3,"Identical family, fixture generator, schedule, operation and timer source at v0.1.3 and candidate; runtime recipe/content and timer validation required. Optional endurance unexecuted historically."
dedup_cdc_locality,dedup-cdc-insert-500,directly-comparable,1,1,pure_call_sum_ns,registered-fixture,527384576,501,workspace,fresh-output,1,3,"Identical family, fixture generator, schedule, operation and timer source at v0.1.3 and candidate; runtime recipe/content and timer validation required. Optional endurance unexecuted historically."
dedup_cdc_locality,dedup-cdc-delete-1,directly-comparable,1,1,pure_call_sum_ns,registered-fixture,2093056,2,workspace,fresh-output,1,3,"Identical family, fixture generator, schedule, operation and timer source at v0.1.3 and candidate; runtime recipe/content and timer validation required. Optional endurance unexecuted historically."
dedup_cdc_locality,dedup-cdc-delete-10,directly-comparable,1,1,pure_call_sum_ns,registered-fixture,11493376,11,workspace,fresh-output,1,3,"Identical family, fixture generator, schedule, operation and timer source at v0.1.3 and candidate; runtime recipe/content and timer validation required. Optional endurance unexecuted historically."
dedup_cdc_locality,dedup-cdc-delete-100,directly-comparable,1,1,pure_call_sum_ns,registered-fixture,105496576,101,workspace,fresh-output,1,3,"Identical family, fixture generator, schedule, operation and timer source at v0.1.3 and candidate; runtime recipe/content and timer validation required. Optional endurance unexecuted historically."
dedup_cdc_locality,dedup-cdc-delete-500,directly-comparable,1,1,pure_call_sum_ns,registered-fixture,523288576,501,workspace,fresh-output,1,3,"Identical family, fixture generator, schedule, operation and timer source at v0.1.3 and candidate; runtime recipe/content and timer validation required. Optional endurance unexecuted historically."
dedup_cdc_locality,dedup-cdc-common-body-1,directly-comparable,1,1,pure_call_sum_ns,registered-fixture,2097152,2,workspace,fresh-output,1,3,"Identical family, fixture generator, schedule, operation and timer source at v0.1.3 and candidate; runtime recipe/content and timer validation required. Optional endurance unexecuted historically."
dedup_cdc_locality,dedup-cdc-common-body-10,directly-comparable,1,1,pure_call_sum_ns,registered-fixture,11534336,11,workspace,fresh-output,1,3,"Identical family, fixture generator, schedule, operation and timer source at v0.1.3 and candidate; runtime recipe/content and timer validation required. Optional endurance unexecuted historically."
dedup_cdc_locality,dedup-cdc-common-body-100,directly-comparable,1,1,pure_call_sum_ns,registered-fixture,105906176,101,workspace,fresh-output,1,3,"Identical family, fixture generator, schedule, operation and timer source at v0.1.3 and candidate; runtime recipe/content and timer validation required. Optional endurance unexecuted historically."
dedup_cdc_locality,dedup-cdc-common-body-500,directly-comparable,1,1,pure_call_sum_ns,registered-fixture,525336576,501,workspace,fresh-output,1,3,"Identical family, fixture generator, schedule, operation and timer source at v0.1.3 and candidate; runtime recipe/content and timer validation required. Optional endurance unexecuted historically."
dedup_cdc_locality,dedup-cdc-scattered-1,directly-comparable,1,1,pure_call_sum_ns,registered-fixture,2097152,2,workspace,fresh-output,1,3,"Identical family, fixture generator, schedule, operation and timer source at v0.1.3 and candidate; runtime recipe/content and timer validation required. Optional endurance unexecuted historically."
dedup_cdc_locality,dedup-cdc-scattered-10,directly-comparable,1,1,pure_call_sum_ns,registered-fixture,11534336,11,workspace,fresh-output,1,3,"Identical family, fixture generator, schedule, operation and timer source at v0.1.3 and candidate; runtime recipe/content and timer validation required. Optional endurance unexecuted historically."
dedup_cdc_locality,dedup-cdc-scattered-100,directly-comparable,1,1,pure_call_sum_ns,registered-fixture,105906176,101,workspace,fresh-output,1,3,"Identical family, fixture generator, schedule, operation and timer source at v0.1.3 and candidate; runtime recipe/content and timer validation required. Optional endurance unexecuted historically."
dedup_cdc_locality,dedup-cdc-scattered-500,directly-comparable,1,1,pure_call_sum_ns,registered-fixture,525336576,501,workspace,fresh-output,1,3,"Identical family, fixture generator, schedule, operation and timer source at v0.1.3 and candidate; runtime recipe/content and timer validation required. Optional endurance unexecuted historically."
dedup_cdc_locality,dedup-cdc-boundaries-proof,proof-contract,1,1,pure_call_sum_ns,registered-fixture,884745,60,workspace,fresh-output,1,3,"Identical family, fixture generator, schedule, operation and timer source at v0.1.3 and candidate; runtime recipe/content and timer validation required. Optional endurance unexecuted historically."
edit_length_preserving,overwrite-head-4k-on-1mib-ops-1,directly-comparable,1,1,edit_commit_ns,registered-fixture,1048576,1,sdk,post-init,1,5,"Identical family, fixture generator, schedule, operation and timer source at v0.1.3 and candidate; runtime recipe/content and timer validation required. Optional endurance unexecuted historically."
edit_length_preserving,overwrite-head-4k-on-10mib-ops-1,directly-comparable,1,1,edit_commit_ns,registered-fixture,10485760,1,sdk,post-init,1,5,"Identical family, fixture generator, schedule, operation and timer source at v0.1.3 and candidate; runtime recipe/content and timer validation required. Optional endurance unexecuted historically."
edit_length_preserving,overwrite-head-4k-on-100mib-ops-1,directly-comparable,1,1,edit_commit_ns,registered-fixture,104857600,1,sdk,post-init,1,5,"Identical family, fixture generator, schedule, operation and timer source at v0.1.3 and candidate; runtime recipe/content and timer validation required. Optional endurance unexecuted historically."
edit_length_preserving,overwrite-head-4k-on-500mib-ops-1,directly-comparable,1,1,edit_commit_ns,registered-fixture,524288000,1,sdk,post-init,1,5,"Identical family, fixture generator, schedule, operation and timer source at v0.1.3 and candidate; runtime recipe/content and timer validation required. Optional endurance unexecuted historically."
edit_length_preserving,overwrite-middle-4k-on-1mib-ops-1,directly-comparable,1,1,edit_commit_ns,registered-fixture,1048576,1,sdk,post-init,1,5,"Identical family, fixture generator, schedule, operation and timer source at v0.1.3 and candidate; runtime recipe/content and timer validation required. Optional endurance unexecuted historically."
edit_length_preserving,overwrite-middle-4k-on-10mib-ops-1,directly-comparable,1,1,edit_commit_ns,registered-fixture,10485760,1,sdk,post-init,1,5,"Identical family, fixture generator, schedule, operation and timer source at v0.1.3 and candidate; runtime recipe/content and timer validation required. Optional endurance unexecuted historically."
edit_length_preserving,overwrite-middle-4k-on-100mib-ops-1,directly-comparable,1,1,edit_commit_ns,registered-fixture,104857600,1,sdk,post-init,1,5,"Identical family, fixture generator, schedule, operation and timer source at v0.1.3 and candidate; runtime recipe/content and timer validation required. Optional endurance unexecuted historically."
edit_length_preserving,overwrite-middle-4k-on-500mib-ops-1,directly-comparable,1,1,edit_commit_ns,registered-fixture,524288000,1,sdk,post-init,1,5,"Identical family, fixture generator, schedule, operation and timer source at v0.1.3 and candidate; runtime recipe/content and timer validation required. Optional endurance unexecuted historically."
edit_length_preserving,overwrite-tail-4k-on-1mib-ops-1,directly-comparable,1,1,edit_commit_ns,registered-fixture,1048576,1,sdk,post-init,1,5,"Identical family, fixture generator, schedule, operation and timer source at v0.1.3 and candidate; runtime recipe/content and timer validation required. Optional endurance unexecuted historically."
edit_length_preserving,overwrite-tail-4k-on-10mib-ops-1,directly-comparable,1,1,edit_commit_ns,registered-fixture,10485760,1,sdk,post-init,1,5,"Identical family, fixture generator, schedule, operation and timer source at v0.1.3 and candidate; runtime recipe/content and timer validation required. Optional endurance unexecuted historically."
edit_length_preserving,overwrite-tail-4k-on-100mib-ops-1,directly-comparable,1,1,edit_commit_ns,registered-fixture,104857600,1,sdk,post-init,1,5,"Identical family, fixture generator, schedule, operation and timer source at v0.1.3 and candidate; runtime recipe/content and timer validation required. Optional endurance unexecuted historically."
edit_length_preserving,overwrite-tail-4k-on-500mib-ops-1,directly-comparable,1,1,edit_commit_ns,registered-fixture,524288000,1,sdk,post-init,1,5,"Identical family, fixture generator, schedule, operation and timer source at v0.1.3 and candidate; runtime recipe/content and timer validation required. Optional endurance unexecuted historically."
edit_length_changing,insert-middle-4k-on-1mib-ops-1,directly-comparable,1,1,edit_commit_ns,registered-fixture,1048576,1,sdk,post-init,1,5,"Identical family, fixture generator, schedule, operation and timer source at v0.1.3 and candidate; runtime recipe/content and timer validation required. Optional endurance unexecuted historically."
edit_length_changing,insert-middle-4k-on-10mib-ops-1,directly-comparable,1,1,edit_commit_ns,registered-fixture,10485760,1,sdk,post-init,1,5,"Identical family, fixture generator, schedule, operation and timer source at v0.1.3 and candidate; runtime recipe/content and timer validation required. Optional endurance unexecuted historically."
edit_length_changing,insert-middle-4k-on-100mib-ops-1,directly-comparable,1,1,edit_commit_ns,registered-fixture,104857600,1,sdk,post-init,1,5,"Identical family, fixture generator, schedule, operation and timer source at v0.1.3 and candidate; runtime recipe/content and timer validation required. Optional endurance unexecuted historically."
edit_length_changing,insert-middle-4k-on-500mib-result-capped-v2-ops-1,directly-comparable,1,1,edit_commit_ns,registered-fixture,524283904,1,sdk,post-init,1,5,"Identical family, fixture generator, schedule, operation and timer source at v0.1.3 and candidate; runtime recipe/content and timer validation required. Optional endurance unexecuted historically."
edit_length_changing,delete-middle-4k-on-1mib-ops-1,directly-comparable,1,1,edit_commit_ns,registered-fixture,1048576,1,sdk,post-init,1,5,"Identical family, fixture generator, schedule, operation and timer source at v0.1.3 and candidate; runtime recipe/content and timer validation required. Optional endurance unexecuted historically."
edit_length_changing,delete-middle-4k-on-10mib-ops-1,directly-comparable,1,1,edit_commit_ns,registered-fixture,10485760,1,sdk,post-init,1,5,"Identical family, fixture generator, schedule, operation and timer source at v0.1.3 and candidate; runtime recipe/content and timer validation required. Optional endurance unexecuted historically."
edit_length_changing,delete-middle-4k-on-100mib-ops-1,directly-comparable,1,1,edit_commit_ns,registered-fixture,104857600,1,sdk,post-init,1,5,"Identical family, fixture generator, schedule, operation and timer source at v0.1.3 and candidate; runtime recipe/content and timer validation required. Optional endurance unexecuted historically."
edit_length_changing,delete-middle-4k-on-500mib-ops-1,directly-comparable,1,1,edit_commit_ns,registered-fixture,524288000,1,sdk,post-init,1,5,"Identical family, fixture generator, schedule, operation and timer source at v0.1.3 and candidate; runtime recipe/content and timer validation required. Optional endurance unexecuted historically."
edit_length_changing,append-tail-4k-on-1mib-ops-1,directly-comparable,1,1,edit_commit_ns,registered-fixture,1048576,1,sdk,post-init,1,5,"Identical family, fixture generator, schedule, operation and timer source at v0.1.3 and candidate; runtime recipe/content and timer validation required. Optional endurance unexecuted historically."
edit_length_changing,append-tail-4k-on-10mib-ops-1,directly-comparable,1,1,edit_commit_ns,registered-fixture,10485760,1,sdk,post-init,1,5,"Identical family, fixture generator, schedule, operation and timer source at v0.1.3 and candidate; runtime recipe/content and timer validation required. Optional endurance unexecuted historically."
edit_length_changing,append-tail-4k-on-100mib-ops-1,directly-comparable,1,1,edit_commit_ns,registered-fixture,104857600,1,sdk,post-init,1,5,"Identical family, fixture generator, schedule, operation and timer source at v0.1.3 and candidate; runtime recipe/content and timer validation required. Optional endurance unexecuted historically."
edit_length_changing,append-tail-4k-on-500mib-result-capped-v2-ops-1,directly-comparable,1,1,edit_commit_ns,registered-fixture,524283904,1,sdk,post-init,1,5,"Identical family, fixture generator, schedule, operation and timer source at v0.1.3 and candidate; runtime recipe/content and timer validation required. Optional endurance unexecuted historically."
edit_length_changing,prepend-head-4k-on-1mib-ops-1,directly-comparable,1,1,edit_commit_ns,registered-fixture,1048576,1,sdk,post-init,1,5,"Identical family, fixture generator, schedule, operation and timer source at v0.1.3 and candidate; runtime recipe/content and timer validation required. Optional endurance unexecuted historically."
edit_length_changing,prepend-head-4k-on-10mib-ops-1,directly-comparable,1,1,edit_commit_ns,registered-fixture,10485760,1,sdk,post-init,1,5,"Identical family, fixture generator, schedule, operation and timer source at v0.1.3 and candidate; runtime recipe/content and timer validation required. Optional endurance unexecuted historically."
edit_length_changing,prepend-head-4k-on-100mib-ops-1,directly-comparable,1,1,edit_commit_ns,registered-fixture,104857600,1,sdk,post-init,1,5,"Identical family, fixture generator, schedule, operation and timer source at v0.1.3 and candidate; runtime recipe/content and timer validation required. Optional endurance unexecuted historically."
edit_length_changing,prepend-head-4k-on-500mib-result-capped-v2-ops-1,directly-comparable,1,1,edit_commit_ns,registered-fixture,524283904,1,sdk,post-init,1,5,"Identical family, fixture generator, schedule, operation and timer source at v0.1.3 and candidate; runtime recipe/content and timer validation required. Optional endurance unexecuted historically."
edit_length_changing,replace-grow-middle-2k-to-4k-on-1mib-ops-1,directly-comparable,1,1,edit_commit_ns,registered-fixture,1048576,1,sdk,post-init,1,5,"Identical family, fixture generator, schedule, operation and timer source at v0.1.3 and candidate; runtime recipe/content and timer validation required. Optional endurance unexecuted historically."
edit_length_changing,replace-grow-middle-2k-to-4k-on-10mib-ops-1,directly-comparable,1,1,edit_commit_ns,registered-fixture,10485760,1,sdk,post-init,1,5,"Identical family, fixture generator, schedule, operation and timer source at v0.1.3 and candidate; runtime recipe/content and timer validation required. Optional endurance unexecuted historically."
edit_length_changing,replace-grow-middle-2k-to-4k-on-100mib-ops-1,directly-comparable,1,1,edit_commit_ns,registered-fixture,104857600,1,sdk,post-init,1,5,"Identical family, fixture generator, schedule, operation and timer source at v0.1.3 and candidate; runtime recipe/content and timer validation required. Optional endurance unexecuted historically."
edit_length_changing,replace-grow-middle-2k-to-4k-on-500mib-result-capped-v2-ops-1,directly-comparable,1,1,edit_commit_ns,registered-fixture,524285952,1,sdk,post-init,1,5,"Identical family, fixture generator, schedule, operation and timer source at v0.1.3 and candidate; runtime recipe/content and timer validation required. Optional endurance unexecuted historically."
edit_length_changing,replace-shrink-middle-4k-to-2k-on-1mib-ops-1,directly-comparable,1,1,edit_commit_ns,registered-fixture,1048576,1,sdk,post-init,1,5,"Identical family, fixture generator, schedule, operation and timer source at v0.1.3 and candidate; runtime recipe/content and timer validation required. Optional endurance unexecuted historically."
edit_length_changing,replace-shrink-middle-4k-to-2k-on-10mib-ops-1,directly-comparable,1,1,edit_commit_ns,registered-fixture,10485760,1,sdk,post-init,1,5,"Identical family, fixture generator, schedule, operation and timer source at v0.1.3 and candidate; runtime recipe/content and timer validation required. Optional endurance unexecuted historically."
edit_length_changing,replace-shrink-middle-4k-to-2k-on-100mib-ops-1,directly-comparable,1,1,edit_commit_ns,registered-fixture,104857600,1,sdk,post-init,1,5,"Identical family, fixture generator, schedule, operation and timer source at v0.1.3 and candidate; runtime recipe/content and timer validation required. Optional endurance unexecuted historically."
edit_length_changing,replace-shrink-middle-4k-to-2k-on-500mib-ops-1,directly-comparable,1,1,edit_commit_ns,registered-fixture,524288000,1,sdk,post-init,1,5,"Identical family, fixture generator, schedule, operation and timer source at v0.1.3 and candidate; runtime recipe/content and timer validation required. Optional endurance unexecuted historically."
edit_length_changing,truncate-tail-4k-on-1mib-ops-1,directly-comparable,1,1,edit_commit_ns,registered-fixture,1048576,1,sdk,post-init,1,5,"Identical family, fixture generator, schedule, operation and timer source at v0.1.3 and candidate; runtime recipe/content and timer validation required. Optional endurance unexecuted historically."
edit_length_changing,truncate-tail-4k-on-10mib-ops-1,directly-comparable,1,1,edit_commit_ns,registered-fixture,10485760,1,sdk,post-init,1,5,"Identical family, fixture generator, schedule, operation and timer source at v0.1.3 and candidate; runtime recipe/content and timer validation required. Optional endurance unexecuted historically."
edit_length_changing,truncate-tail-4k-on-100mib-ops-1,directly-comparable,1,1,edit_commit_ns,registered-fixture,104857600,1,sdk,post-init,1,5,"Identical family, fixture generator, schedule, operation and timer source at v0.1.3 and candidate; runtime recipe/content and timer validation required. Optional endurance unexecuted historically."
edit_length_changing,truncate-tail-4k-on-500mib-ops-1,directly-comparable,1,1,edit_commit_ns,registered-fixture,524288000,1,sdk,post-init,1,5,"Identical family, fixture generator, schedule, operation and timer source at v0.1.3 and candidate; runtime recipe/content and timer validation required. Optional endurance unexecuted historically."
edit_length_changing,zero-extend-tail-4k-on-1mib-ops-1,directly-comparable,1,1,edit_commit_ns,registered-fixture,1048576,1,sdk,post-init,1,5,"Identical family, fixture generator, schedule, operation and timer source at v0.1.3 and candidate; runtime recipe/content and timer validation required. Optional endurance unexecuted historically."
edit_length_changing,zero-extend-tail-4k-on-10mib-ops-1,directly-comparable,1,1,edit_commit_ns,registered-fixture,10485760,1,sdk,post-init,1,5,"Identical family, fixture generator, schedule, operation and timer source at v0.1.3 and candidate; runtime recipe/content and timer validation required. Optional endurance unexecuted historically."
edit_length_changing,zero-extend-tail-4k-on-100mib-ops-1,directly-comparable,1,1,edit_commit_ns,registered-fixture,104857600,1,sdk,post-init,1,5,"Identical family, fixture generator, schedule, operation and timer source at v0.1.3 and candidate; runtime recipe/content and timer validation required. Optional endurance unexecuted historically."
edit_length_changing,zero-extend-tail-4k-on-500mib-result-capped-v2-ops-1,directly-comparable,1,1,edit_commit_ns,registered-fixture,524283904,1,sdk,post-init,1,5,"Identical family, fixture generator, schedule, operation and timer source at v0.1.3 and candidate; runtime recipe/content and timer validation required. Optional endurance unexecuted historically."
edit_canonical_chunk_count,overwrite-fixed-64k-chunk-count-preserve-on-1mib-ops-1,directly-comparable,1,1,edit_commit_ns,registered-fixture,1048576,1,sdk,post-init,1,5,"Identical family, fixture generator, schedule, operation and timer source at v0.1.3 and candidate; runtime recipe/content and timer validation required. Optional endurance unexecuted historically."
edit_canonical_chunk_count,overwrite-fixed-64k-chunk-count-preserve-on-10mib-ops-1,directly-comparable,1,1,edit_commit_ns,registered-fixture,10485760,1,sdk,post-init,1,5,"Identical family, fixture generator, schedule, operation and timer source at v0.1.3 and candidate; runtime recipe/content and timer validation required. Optional endurance unexecuted historically."
edit_canonical_chunk_count,overwrite-fixed-64k-chunk-count-preserve-on-100mib-ops-1,directly-comparable,1,1,edit_commit_ns,registered-fixture,104857600,1,sdk,post-init,1,5,"Identical family, fixture generator, schedule, operation and timer source at v0.1.3 and candidate; runtime recipe/content and timer validation required. Optional endurance unexecuted historically."
edit_canonical_chunk_count,overwrite-fixed-64k-chunk-count-preserve-on-500mib-ops-1,directly-comparable,1,1,edit_commit_ns,registered-fixture,524288000,1,sdk,post-init,1,5,"Identical family, fixture generator, schedule, operation and timer source at v0.1.3 and candidate; runtime recipe/content and timer validation required. Optional endurance unexecuted historically."
edit_canonical_chunk_count,overwrite-fixed-64k-chunk-count-increase-on-1mib-ops-1,directly-comparable,1,1,edit_commit_ns,registered-fixture,1048576,1,sdk,post-init,1,5,"Identical family, fixture generator, schedule, operation and timer source at v0.1.3 and candidate; runtime recipe/content and timer validation required. Optional endurance unexecuted historically."
edit_canonical_chunk_count,overwrite-fixed-64k-chunk-count-increase-on-10mib-ops-1,directly-comparable,1,1,edit_commit_ns,registered-fixture,10485760,1,sdk,post-init,1,5,"Identical family, fixture generator, schedule, operation and timer source at v0.1.3 and candidate; runtime recipe/content and timer validation required. Optional endurance unexecuted historically."
edit_canonical_chunk_count,overwrite-fixed-64k-chunk-count-increase-on-100mib-ops-1,directly-comparable,1,1,edit_commit_ns,registered-fixture,104857600,1,sdk,post-init,1,5,"Identical family, fixture generator, schedule, operation and timer source at v0.1.3 and candidate; runtime recipe/content and timer validation required. Optional endurance unexecuted historically."
edit_canonical_chunk_count,overwrite-fixed-64k-chunk-count-increase-on-500mib-ops-1,directly-comparable,1,1,edit_commit_ns,registered-fixture,524288000,1,sdk,post-init,1,5,"Identical family, fixture generator, schedule, operation and timer source at v0.1.3 and candidate; runtime recipe/content and timer validation required. Optional endurance unexecuted historically."
edit_canonical_chunk_count,overwrite-fixed-64k-chunk-count-decrease-on-1mib-ops-1,directly-comparable,1,1,edit_commit_ns,registered-fixture,1048576,1,sdk,post-init,1,5,"Identical family, fixture generator, schedule, operation and timer source at v0.1.3 and candidate; runtime recipe/content and timer validation required. Optional endurance unexecuted historically."
edit_canonical_chunk_count,overwrite-fixed-64k-chunk-count-decrease-on-10mib-ops-1,directly-comparable,1,1,edit_commit_ns,registered-fixture,10485760,1,sdk,post-init,1,5,"Identical family, fixture generator, schedule, operation and timer source at v0.1.3 and candidate; runtime recipe/content and timer validation required. Optional endurance unexecuted historically."
edit_canonical_chunk_count,overwrite-fixed-64k-chunk-count-decrease-on-100mib-ops-1,directly-comparable,1,1,edit_commit_ns,registered-fixture,104857600,1,sdk,post-init,1,5,"Identical family, fixture generator, schedule, operation and timer source at v0.1.3 and candidate; runtime recipe/content and timer validation required. Optional endurance unexecuted historically."
edit_canonical_chunk_count,overwrite-fixed-64k-chunk-count-decrease-on-500mib-ops-1,directly-comparable,1,1,edit_commit_ns,registered-fixture,524288000,1,sdk,post-init,1,5,"Identical family, fixture generator, schedule, operation and timer source at v0.1.3 and candidate; runtime recipe/content and timer validation required. Optional endurance unexecuted historically."
init_namespace,namespace-100-compact-v3,directly-comparable,1,1,layerstack_init_ns,compact-low-tier-v2,5000000,100,namespace,fresh-output,1,3,"Identical family, fixture generator, schedule, operation and timer source at v0.1.3 and candidate; runtime recipe/content and timer validation required. Optional endurance unexecuted historically."
init_namespace,namespace-1000-compact-v3,directly-comparable,1,1,layerstack_init_ns,compact-low-tier-v2,20000000,1000,namespace,fresh-output,1,3,"Identical family, fixture generator, schedule, operation and timer source at v0.1.3 and candidate; runtime recipe/content and timer validation required. Optional endurance unexecuted historically."
init_namespace,namespace-10000,directly-comparable,1,1,layerstack_init_ns,registered-fixture,300000000,10000,namespace,fresh-output,1,3,"Identical family, fixture generator, schedule, operation and timer source at v0.1.3 and candidate; runtime recipe/content and timer validation required. Optional endurance unexecuted historically."
init_namespace,namespace-100000,directly-comparable,1,1,layerstack_init_ns,registered-fixture,500000000,100000,namespace,fresh-output,1,3,"Identical family, fixture generator, schedule, operation and timer source at v0.1.3 and candidate; runtime recipe/content and timer validation required. Optional endurance unexecuted historically."
store_footprint,store-footprint-unique-100000,directly-comparable,1,1,product_call_sum_ns,registered-fixture,500000000,100000,store-footprint,fresh-output,1,3,"Identical family, fixture generator, schedule, operation and timer source at v0.1.3 and candidate; runtime recipe/content and timer validation required. Optional endurance unexecuted historically."
store_footprint,store-footprint-metadata-cardinality-100000,directly-comparable,1,1,product_call_sum_ns,registered-fixture,500000000,100000,store-footprint,fresh-output,1,3,"Identical family, fixture generator, schedule, operation and timer source at v0.1.3 and candidate; runtime recipe/content and timer validation required. Optional endurance unexecuted historically."
store_footprint,store-footprint-large-object-500m,directly-comparable,1,1,product_call_sum_ns,registered-fixture,500000000,100,store-footprint,fresh-output,1,3,"Identical family, fixture generator, schedule, operation and timer source at v0.1.3 and candidate; runtime recipe/content and timer validation required. Optional endurance unexecuted historically."
store_footprint,store-footprint-unique-100-low-v1,directly-comparable,1,1,product_call_sum_ns,compact-low-tier-v2,5000000,100,store-footprint,fresh-output,1,3,"Identical family, fixture generator, schedule, operation and timer source at v0.1.3 and candidate; runtime recipe/content and timer validation required. Optional endurance unexecuted historically."
store_footprint,store-footprint-metadata-cardinality-100-low-v1,directly-comparable,1,1,product_call_sum_ns,compact-low-tier-v2,5000000,100,store-footprint,fresh-output,1,3,"Identical family, fixture generator, schedule, operation and timer source at v0.1.3 and candidate; runtime recipe/content and timer validation required. Optional endurance unexecuted historically."
store_footprint,store-footprint-large-object-10m-low-v1,directly-comparable,1,1,product_call_sum_ns,compact-low-tier-v2,10000000,10,store-footprint,fresh-output,1,3,"Identical family, fixture generator, schedule, operation and timer source at v0.1.3 and candidate; runtime recipe/content and timer validation required. Optional endurance unexecuted historically."
tiny_file_churn,tiny-create-1-compact-v2,directly-comparable,1,1,pure_call_sum_ns,compact-low-tier-v2,1048576,50,workspace,post-init,1,3,"Identical family, fixture generator, schedule, operation and timer source at v0.1.3 and candidate; runtime recipe/content and timer validation required. Optional endurance unexecuted historically."
tiny_file_churn,tiny-create-10-compact-v2,directly-comparable,1,1,pure_call_sum_ns,compact-low-tier-v2,10485760,500,workspace,post-init,1,3,"Identical family, fixture generator, schedule, operation and timer source at v0.1.3 and candidate; runtime recipe/content and timer validation required. Optional endurance unexecuted historically."
tiny_file_churn,tiny-create-100-mixed-v4,directly-comparable,1,1,pure_call_sum_ns,workspace-mixed-v4,104857600,2000,workspace,post-init,1,3,"Identical family, fixture generator, schedule, operation and timer source at v0.1.3 and candidate; runtime recipe/content and timer validation required. Optional endurance unexecuted historically."
tiny_file_churn,tiny-create-500-mixed-v4,directly-comparable,1,1,pure_call_sum_ns,workspace-mixed-v4,524288000,5000,workspace,post-init,1,3,"Identical family, fixture generator, schedule, operation and timer source at v0.1.3 and candidate; runtime recipe/content and timer validation required. Optional endurance unexecuted historically."
tiny_file_churn,tiny-stat-1-compact-v2,directly-comparable,1,1,pure_call_sum_ns,compact-low-tier-v2,1048576,51,workspace,post-init,1,3,"Identical family, fixture generator, schedule, operation and timer source at v0.1.3 and candidate; runtime recipe/content and timer validation required. Optional endurance unexecuted historically."
tiny_file_churn,tiny-stat-10-compact-v2,directly-comparable,1,1,pure_call_sum_ns,compact-low-tier-v2,10502249,510,workspace,post-init,1,3,"Identical family, fixture generator, schedule, operation and timer source at v0.1.3 and candidate; runtime recipe/content and timer validation required. Optional endurance unexecuted historically."
tiny_file_churn,tiny-stat-100-mixed-v4,directly-comparable,1,1,pure_call_sum_ns,workspace-mixed-v4,105682050,2500,workspace,post-init,1,3,"Identical family, fixture generator, schedule, operation and timer source at v0.1.3 and candidate; runtime recipe/content and timer validation required. Optional endurance unexecuted historically."
tiny_file_churn,tiny-stat-500-mixed-v4,directly-comparable,1,1,pure_call_sum_ns,workspace-mixed-v4,525112450,5500,workspace,post-init,1,3,"Identical family, fixture generator, schedule, operation and timer source at v0.1.3 and candidate; runtime recipe/content and timer validation required. Optional endurance unexecuted historically."
tiny_file_churn,tiny-unlink-1-compact-v2,directly-comparable,1,1,pure_call_sum_ns,compact-low-tier-v2,1048576,51,workspace,post-init,1,3,"Identical family, fixture generator, schedule, operation and timer source at v0.1.3 and candidate; runtime recipe/content and timer validation required. Optional endurance unexecuted historically."
tiny_file_churn,tiny-unlink-10-compact-v2,directly-comparable,1,1,pure_call_sum_ns,compact-low-tier-v2,10502249,510,workspace,post-init,1,3,"Identical family, fixture generator, schedule, operation and timer source at v0.1.3 and candidate; runtime recipe/content and timer validation required. Optional endurance unexecuted historically."
tiny_file_churn,tiny-unlink-100-mixed-v4,directly-comparable,1,1,pure_call_sum_ns,workspace-mixed-v4,105682050,2500,workspace,post-init,1,3,"Identical family, fixture generator, schedule, operation and timer source at v0.1.3 and candidate; runtime recipe/content and timer validation required. Optional endurance unexecuted historically."
tiny_file_churn,tiny-unlink-500-mixed-v4,directly-comparable,1,1,pure_call_sum_ns,workspace-mixed-v4,525112450,5500,workspace,post-init,1,3,"Identical family, fixture generator, schedule, operation and timer source at v0.1.3 and candidate; runtime recipe/content and timer validation required. Optional endurance unexecuted historically."
tiny_file_churn,tiny-bulk-create-1-compact-v2,directly-comparable,1,1,pure_call_sum_ns,compact-low-tier-v2,1048576,50,workspace,post-init,1,3,"Identical family, fixture generator, schedule, operation and timer source at v0.1.3 and candidate; runtime recipe/content and timer validation required. Optional endurance unexecuted historically."
tiny_file_churn,tiny-bulk-create-10-compact-v2,directly-comparable,1,1,pure_call_sum_ns,compact-low-tier-v2,1048576,50,workspace,post-init,1,3,"Identical family, fixture generator, schedule, operation and timer source at v0.1.3 and candidate; runtime recipe/content and timer validation required. Optional endurance unexecuted historically."
tiny_file_churn,tiny-bulk-create-100-mixed-v3,directly-comparable,1,1,pure_call_sum_ns,tiny-bulk-mixed-v3,1048576,200,workspace,post-init,1,3,"Identical family, fixture generator, schedule, operation and timer source at v0.1.3 and candidate; runtime recipe/content and timer validation required. Optional endurance unexecuted historically."
tiny_file_churn,tiny-bulk-create-500-mixed-v3,directly-comparable,1,1,pure_call_sum_ns,tiny-bulk-mixed-v3,1048576,200,workspace,post-init,1,3,"Identical family, fixture generator, schedule, operation and timer source at v0.1.3 and candidate; runtime recipe/content and timer validation required. Optional endurance unexecuted historically."
tiny_file_churn,tiny-bulk-delete-1-compact-v2,directly-comparable,1,1,pure_call_sum_ns,compact-low-tier-v2,2097152,100,workspace,post-init,1,3,"Identical family, fixture generator, schedule, operation and timer source at v0.1.3 and candidate; runtime recipe/content and timer validation required. Optional endurance unexecuted historically."
tiny_file_churn,tiny-bulk-delete-10-compact-v2,directly-comparable,1,1,pure_call_sum_ns,compact-low-tier-v2,11534336,550,workspace,post-init,1,3,"Identical family, fixture generator, schedule, operation and timer source at v0.1.3 and candidate; runtime recipe/content and timer validation required. Optional endurance unexecuted historically."
tiny_file_churn,tiny-bulk-delete-100-mixed-v3,directly-comparable,1,1,pure_call_sum_ns,tiny-bulk-mixed-v3,105906176,1200,workspace,post-init,1,3,"Identical family, fixture generator, schedule, operation and timer source at v0.1.3 and candidate; runtime recipe/content and timer validation required. Optional endurance unexecuted historically."
tiny_file_churn,tiny-bulk-delete-500-mixed-v3,directly-comparable,1,1,pure_call_sum_ns,tiny-bulk-mixed-v3,525336576,5200,workspace,post-init,1,3,"Identical family, fixture generator, schedule, operation and timer source at v0.1.3 and candidate; runtime recipe/content and timer validation required. Optional endurance unexecuted historically."
namespace_mutation,namespace-subtree-relocate-delete-1-compact-v2,directly-comparable,1,1,pure_call_sum_ns,compact-low-tier-v2,551200,250,workspace,post-init,1,3,"Identical family, fixture generator, schedule, operation and timer source at v0.1.3 and candidate; runtime recipe/content and timer validation required. Optional endurance unexecuted historically."
namespace_mutation,namespace-subtree-relocate-delete-10-compact-v2,directly-comparable,1,1,pure_call_sum_ns,compact-low-tier-v2,1012000,700,workspace,post-init,1,3,"Identical family, fixture generator, schedule, operation and timer source at v0.1.3 and candidate; runtime recipe/content and timer validation required. Optional endurance unexecuted historically."
namespace_mutation,namespace-subtree-relocate-delete-100-mixed-v4,directly-comparable,1,1,pure_call_sum_ns,workspace-mixed-v4,105267200,2400,workspace,post-init,1,3,"Identical family, fixture generator, schedule, operation and timer source at v0.1.3 and candidate; runtime recipe/content and timer validation required. Optional endurance unexecuted historically."
namespace_mutation,namespace-subtree-relocate-delete-500-mixed-v4,directly-comparable,1,1,pure_call_sum_ns,workspace-mixed-v4,526336000,7000,workspace,post-init,1,3,"Identical family, fixture generator, schedule, operation and timer source at v0.1.3 and candidate; runtime recipe/content and timer validation required. Optional endurance unexecuted historically."
directory_construction_traversal,directory-construct-1-compact-v2,directly-comparable,1,1,pure_call_sum_ns,compact-low-tier-v2,1048576,50,workspace,post-init,1,3,"Identical family, fixture generator, schedule, operation and timer source at v0.1.3 and candidate; runtime recipe/content and timer validation required. Optional endurance unexecuted historically."
directory_construction_traversal,directory-construct-10-compact-v2,directly-comparable,1,1,pure_call_sum_ns,compact-low-tier-v2,10485760,500,workspace,post-init,1,3,"Identical family, fixture generator, schedule, operation and timer source at v0.1.3 and candidate; runtime recipe/content and timer validation required. Optional endurance unexecuted historically."
directory_construction_traversal,directory-construct-100-mixed-v4,directly-comparable,1,1,pure_call_sum_ns,workspace-mixed-v4,104857600,2000,workspace,post-init,1,3,"Identical family, fixture generator, schedule, operation and timer source at v0.1.3 and candidate; runtime recipe/content and timer validation required. Optional endurance unexecuted historically."
directory_construction_traversal,directory-construct-500-mixed-v4,directly-comparable,1,1,pure_call_sum_ns,workspace-mixed-v4,524288000,5000,workspace,post-init,1,3,"Identical family, fixture generator, schedule, operation and timer source at v0.1.3 and candidate; runtime recipe/content and timer validation required. Optional endurance unexecuted historically."
directory_construction_traversal,directory-metadata-scan-1-compact-v2,directly-comparable,1,1,pure_call_sum_ns,compact-low-tier-v2,1048576,50,workspace,post-init,1,3,"Identical family, fixture generator, schedule, operation and timer source at v0.1.3 and candidate; runtime recipe/content and timer validation required. Optional endurance unexecuted historically."
directory_construction_traversal,directory-metadata-scan-10-compact-v2,directly-comparable,1,1,pure_call_sum_ns,compact-low-tier-v2,10485760,500,workspace,post-init,1,3,"Identical family, fixture generator, schedule, operation and timer source at v0.1.3 and candidate; runtime recipe/content and timer validation required. Optional endurance unexecuted historically."
directory_construction_traversal,directory-metadata-scan-100-mixed-v4,directly-comparable,1,1,pure_call_sum_ns,workspace-mixed-v4,104857600,2000,workspace,post-init,1,3,"Identical family, fixture generator, schedule, operation and timer source at v0.1.3 and candidate; runtime recipe/content and timer validation required. Optional endurance unexecuted historically."
directory_construction_traversal,directory-metadata-scan-500-mixed-v4,directly-comparable,1,1,pure_call_sum_ns,workspace-mixed-v4,524288000,5000,workspace,post-init,1,3,"Identical family, fixture generator, schedule, operation and timer source at v0.1.3 and candidate; runtime recipe/content and timer validation required. Optional endurance unexecuted historically."
directory_construction_traversal,directory-content-scan-1-compact-v2,directly-comparable,1,1,pure_call_sum_ns,compact-low-tier-v2,1048576,50,workspace,post-init,1,3,"Identical family, fixture generator, schedule, operation and timer source at v0.1.3 and candidate; runtime recipe/content and timer validation required. Optional endurance unexecuted historically."
directory_construction_traversal,directory-content-scan-10-compact-v2,directly-comparable,1,1,pure_call_sum_ns,compact-low-tier-v2,10485760,500,workspace,post-init,1,3,"Identical family, fixture generator, schedule, operation and timer source at v0.1.3 and candidate; runtime recipe/content and timer validation required. Optional endurance unexecuted historically."
directory_construction_traversal,directory-content-scan-100-mixed-v4,directly-comparable,1,1,pure_call_sum_ns,workspace-mixed-v4,104857600,2000,workspace,post-init,1,3,"Identical family, fixture generator, schedule, operation and timer source at v0.1.3 and candidate; runtime recipe/content and timer validation required. Optional endurance unexecuted historically."
directory_construction_traversal,directory-content-scan-500-mixed-v4,directly-comparable,1,1,pure_call_sum_ns,workspace-mixed-v4,524288000,5000,workspace,post-init,1,3,"Identical family, fixture generator, schedule, operation and timer source at v0.1.3 and candidate; runtime recipe/content and timer validation required. Optional endurance unexecuted historically."
workspace_change_locality,workspace-clean-commit-1-compact-v2,directly-comparable,1,1,pure_call_sum_ns,compact-low-tier-v2,1048576,50,workspace,post-init,1,3,"Identical family, fixture generator, schedule, operation and timer source at v0.1.3 and candidate; runtime recipe/content and timer validation required. Optional endurance unexecuted historically."
workspace_change_locality,workspace-clean-commit-10-compact-v2,directly-comparable,1,1,pure_call_sum_ns,compact-low-tier-v2,10485760,500,workspace,post-init,1,3,"Identical family, fixture generator, schedule, operation and timer source at v0.1.3 and candidate; runtime recipe/content and timer validation required. Optional endurance unexecuted historically."
workspace_change_locality,workspace-clean-commit-100-mixed-v4,directly-comparable,1,1,pure_call_sum_ns,workspace-mixed-v4,104857600,2000,workspace,post-init,1,3,"Identical family, fixture generator, schedule, operation and timer source at v0.1.3 and candidate; runtime recipe/content and timer validation required. Optional endurance unexecuted historically."
workspace_change_locality,workspace-clean-commit-500-mixed-v4,directly-comparable,1,1,pure_call_sum_ns,workspace-mixed-v4,524288000,5000,workspace,post-init,1,3,"Identical family, fixture generator, schedule, operation and timer source at v0.1.3 and candidate; runtime recipe/content and timer validation required. Optional endurance unexecuted historically."
workspace_change_locality,workspace-fixed-move-1-compact-v2,directly-comparable,1,1,pure_call_sum_ns,compact-low-tier-v2,1048576,50,workspace,post-init,1,3,"Identical family, fixture generator, schedule, operation and timer source at v0.1.3 and candidate; runtime recipe/content and timer validation required. Optional endurance unexecuted historically."
workspace_change_locality,workspace-fixed-move-10-compact-v2,directly-comparable,1,1,pure_call_sum_ns,compact-low-tier-v2,10485760,500,workspace,post-init,1,3,"Identical family, fixture generator, schedule, operation and timer source at v0.1.3 and candidate; runtime recipe/content and timer validation required. Optional endurance unexecuted historically."
workspace_change_locality,workspace-fixed-move-100-mixed-v4,directly-comparable,1,1,pure_call_sum_ns,workspace-mixed-v4,104857600,2000,workspace,post-init,1,3,"Identical family, fixture generator, schedule, operation and timer source at v0.1.3 and candidate; runtime recipe/content and timer validation required. Optional endurance unexecuted historically."
workspace_change_locality,workspace-fixed-move-500-mixed-v4,directly-comparable,1,1,pure_call_sum_ns,workspace-mixed-v4,524288000,5000,workspace,post-init,1,3,"Identical family, fixture generator, schedule, operation and timer source at v0.1.3 and candidate; runtime recipe/content and timer validation required. Optional endurance unexecuted historically."
workspace_change_locality,workspace-distributed-sdk-edit-1-compact-v2,directly-comparable,1,1,pure_call_sum_ns,compact-low-tier-v2,1048576,50,workspace,post-init,1,3,"Identical family, fixture generator, schedule, operation and timer source at v0.1.3 and candidate; runtime recipe/content and timer validation required. Optional endurance unexecuted historically."
workspace_change_locality,workspace-distributed-sdk-edit-10-compact-v2,directly-comparable,1,1,pure_call_sum_ns,compact-low-tier-v2,10485760,500,workspace,post-init,1,3,"Identical family, fixture generator, schedule, operation and timer source at v0.1.3 and candidate; runtime recipe/content and timer validation required. Optional endurance unexecuted historically."
workspace_change_locality,workspace-distributed-sdk-edit-100-mixed-v4,directly-comparable,1,1,pure_call_sum_ns,workspace-mixed-v4,104857600,2000,workspace,post-init,1,3,"Identical family, fixture generator, schedule, operation and timer source at v0.1.3 and candidate; runtime recipe/content and timer validation required. Optional endurance unexecuted historically."
workspace_change_locality,workspace-distributed-sdk-edit-500-mixed-v4,directly-comparable,1,1,pure_call_sum_ns,workspace-mixed-v4,524288000,5000,workspace,post-init,1,3,"Identical family, fixture generator, schedule, operation and timer source at v0.1.3 and candidate; runtime recipe/content and timer validation required. Optional endurance unexecuted historically."
workspace_change_locality,workspace-dense-rewrite-1-compact-v2,directly-comparable,1,1,pure_call_sum_ns,compact-low-tier-v2,1048576,50,workspace,post-init,1,3,"Identical family, fixture generator, schedule, operation and timer source at v0.1.3 and candidate; runtime recipe/content and timer validation required. Optional endurance unexecuted historically."
workspace_change_locality,workspace-dense-rewrite-10-compact-v2,directly-comparable,1,1,pure_call_sum_ns,compact-low-tier-v2,10485760,500,workspace,post-init,1,3,"Identical family, fixture generator, schedule, operation and timer source at v0.1.3 and candidate; runtime recipe/content and timer validation required. Optional endurance unexecuted historically."
workspace_change_locality,workspace-dense-rewrite-100-mixed-v4,directly-comparable,1,1,pure_call_sum_ns,workspace-mixed-v4,104857600,2000,workspace,post-init,1,3,"Identical family, fixture generator, schedule, operation and timer source at v0.1.3 and candidate; runtime recipe/content and timer validation required. Optional endurance unexecuted historically."
workspace_change_locality,workspace-dense-rewrite-500-mixed-v4,directly-comparable,1,1,pure_call_sum_ns,workspace-mixed-v4,524288000,5000,workspace,post-init,1,3,"Identical family, fixture generator, schedule, operation and timer source at v0.1.3 and candidate; runtime recipe/content and timer validation required. Optional endurance unexecuted historically."
dedup_branch_history,dedup-history-distributed-1,directly-comparable,1,1,pure_call_sum_ns,registered-fixture,1048576,200,workspace,post-init,1,3,"Identical family, fixture generator, schedule, operation and timer source at v0.1.3 and candidate; runtime recipe/content and timer validation required. Optional endurance unexecuted historically."
dedup_branch_history,dedup-history-distributed-10,directly-comparable,1,1,pure_call_sum_ns,registered-fixture,1048576,200,workspace,post-init,1,3,"Identical family, fixture generator, schedule, operation and timer source at v0.1.3 and candidate; runtime recipe/content and timer validation required. Optional endurance unexecuted historically."
dedup_branch_history,dedup-history-distributed-100,directly-comparable,1,1,pure_call_sum_ns,registered-fixture,1048576,200,workspace,post-init,1,3,"Identical family, fixture generator, schedule, operation and timer source at v0.1.3 and candidate; runtime recipe/content and timer validation required. Optional endurance unexecuted historically."
dedup_branch_history,dedup-history-distributed-500,directly-comparable,1,1,pure_call_sum_ns,registered-fixture,1048576,200,workspace,post-init,1,3,"Identical family, fixture generator, schedule, operation and timer source at v0.1.3 and candidate; runtime recipe/content and timer validation required. Optional endurance unexecuted historically."
dedup_branch_history,dedup-history-hotset-1,directly-comparable,1,1,pure_call_sum_ns,registered-fixture,1048576,200,workspace,post-init,1,3,"Identical family, fixture generator, schedule, operation and timer source at v0.1.3 and candidate; runtime recipe/content and timer validation required. Optional endurance unexecuted historically."
dedup_branch_history,dedup-history-hotset-10,directly-comparable,1,1,pure_call_sum_ns,registered-fixture,1048576,200,workspace,post-init,1,3,"Identical family, fixture generator, schedule, operation and timer source at v0.1.3 and candidate; runtime recipe/content and timer validation required. Optional endurance unexecuted historically."
dedup_branch_history,dedup-history-hotset-100,directly-comparable,1,1,pure_call_sum_ns,registered-fixture,1048576,200,workspace,post-init,1,3,"Identical family, fixture generator, schedule, operation and timer source at v0.1.3 and candidate; runtime recipe/content and timer validation required. Optional endurance unexecuted historically."
dedup_branch_history,dedup-history-hotset-500,directly-comparable,1,1,pure_call_sum_ns,registered-fixture,1048576,200,workspace,post-init,1,3,"Identical family, fixture generator, schedule, operation and timer source at v0.1.3 and candidate; runtime recipe/content and timer validation required. Optional endurance unexecuted historically."
dedup_branch_history,dedup-history-recurring-1,directly-comparable,1,1,pure_call_sum_ns,registered-fixture,1048576,200,workspace,post-init,1,3,"Identical family, fixture generator, schedule, operation and timer source at v0.1.3 and candidate; runtime recipe/content and timer validation required. Optional endurance unexecuted historically."
dedup_branch_history,dedup-history-recurring-10,directly-comparable,1,1,pure_call_sum_ns,registered-fixture,1048576,200,workspace,post-init,1,3,"Identical family, fixture generator, schedule, operation and timer source at v0.1.3 and candidate; runtime recipe/content and timer validation required. Optional endurance unexecuted historically."
dedup_branch_history,dedup-history-recurring-100,directly-comparable,1,1,pure_call_sum_ns,registered-fixture,1048576,200,workspace,post-init,1,3,"Identical family, fixture generator, schedule, operation and timer source at v0.1.3 and candidate; runtime recipe/content and timer validation required. Optional endurance unexecuted historically."
dedup_branch_history,dedup-history-recurring-500,directly-comparable,1,1,pure_call_sum_ns,registered-fixture,1048576,200,workspace,post-init,1,3,"Identical family, fixture generator, schedule, operation and timer source at v0.1.3 and candidate; runtime recipe/content and timer validation required. Optional endurance unexecuted historically."
dedup_branch_history,dedup-history-metadata-1,directly-comparable,1,1,pure_call_sum_ns,registered-fixture,1048576,200,workspace,post-init,1,3,"Identical family, fixture generator, schedule, operation and timer source at v0.1.3 and candidate; runtime recipe/content and timer validation required. Optional endurance unexecuted historically."
dedup_branch_history,dedup-history-metadata-10,directly-comparable,1,1,pure_call_sum_ns,registered-fixture,1048576,200,workspace,post-init,1,3,"Identical family, fixture generator, schedule, operation and timer source at v0.1.3 and candidate; runtime recipe/content and timer validation required. Optional endurance unexecuted historically."
dedup_branch_history,dedup-history-metadata-100,directly-comparable,1,1,pure_call_sum_ns,registered-fixture,1048576,200,workspace,post-init,1,3,"Identical family, fixture generator, schedule, operation and timer source at v0.1.3 and candidate; runtime recipe/content and timer validation required. Optional endurance unexecuted historically."
dedup_branch_history,dedup-history-metadata-500,directly-comparable,1,1,pure_call_sum_ns,registered-fixture,1048576,200,workspace,post-init,1,3,"Identical family, fixture generator, schedule, operation and timer source at v0.1.3 and candidate; runtime recipe/content and timer validation required. Optional endurance unexecuted historically."
dedup_branch_history,dedup-history-unrelated-1,directly-comparable,1,1,pure_call_sum_ns,registered-fixture,1048576,200,workspace,post-init,1,3,"Identical family, fixture generator, schedule, operation and timer source at v0.1.3 and candidate; runtime recipe/content and timer validation required. Optional endurance unexecuted historically."
dedup_branch_history,dedup-history-unrelated-10,directly-comparable,1,1,pure_call_sum_ns,registered-fixture,1048576,200,workspace,post-init,1,3,"Identical family, fixture generator, schedule, operation and timer source at v0.1.3 and candidate; runtime recipe/content and timer validation required. Optional endurance unexecuted historically."
dedup_branch_history,dedup-history-unrelated-100-mixed-v2,directly-comparable,1,1,pure_call_sum_ns,history-unrelated-mixed-v2,1048576,10,workspace,post-init,1,3,"Identical family, fixture generator, schedule, operation and timer source at v0.1.3 and candidate; runtime recipe/content and timer validation required. Optional endurance unexecuted historically."
dedup_branch_history,dedup-history-unrelated-500-mixed-v2,directly-comparable,1,1,pure_call_sum_ns,history-unrelated-mixed-v2,1048576,10,workspace,post-init,1,3,"Identical family, fixture generator, schedule, operation and timer source at v0.1.3 and candidate; runtime recipe/content and timer validation required. Optional endurance unexecuted historically."
git_tool_workflow,git-tool-1-compact-v2,directly-comparable,1,1,pure_call_sum_ns,compact-low-tier-v2,1051076,51,workspace,post-init,1,3,"Identical family, fixture generator, schedule, operation and timer source at v0.1.3 and candidate; runtime recipe/content and timer validation required. Optional endurance unexecuted historically."
git_tool_workflow,git-tool-10-compact-v2,directly-comparable,1,1,pure_call_sum_ns,compact-low-tier-v2,4211804,207,workspace,post-init,1,3,"Identical family, fixture generator, schedule, operation and timer source at v0.1.3 and candidate; runtime recipe/content and timer validation required. Optional endurance unexecuted historically."
git_tool_workflow,git-tool-100-mixed-v4,directly-comparable,1,1,pure_call_sum_ns,workspace-mixed-v4-git,61491723,2351,workspace,post-init,1,3,"Identical family, fixture generator, schedule, operation and timer source at v0.1.3 and candidate; runtime recipe/content and timer validation required. Optional endurance unexecuted historically."
git_tool_workflow,git-tool-500-mixed-v4,directly-comparable,1,1,pure_call_sum_ns,workspace-mixed-v4-git,73779723,5351,workspace,post-init,1,3,"Identical family, fixture generator, schedule, operation and timer source at v0.1.3 and candidate; runtime recipe/content and timer validation required. Optional endurance unexecuted historically."
mixed_load_bearing,agent-episodes-1-compact-v2,directly-comparable,1,1,pure_call_sum_ns,compact-low-tier-v2,1081344,54,workspace,post-init,1,3,"Identical family, fixture generator, schedule, operation and timer source at v0.1.3 and candidate; runtime recipe/content and timer validation required. Optional endurance unexecuted historically."
mixed_load_bearing,agent-episodes-10-compact-v2,directly-comparable,1,1,pure_call_sum_ns,compact-low-tier-v2,10813440,540,workspace,post-init,1,3,"Identical family, fixture generator, schedule, operation and timer source at v0.1.3 and candidate; runtime recipe/content and timer validation required. Optional endurance unexecuted historically."
mixed_load_bearing,agent-episodes-100,directly-comparable,1,1,pure_call_sum_ns,registered-fixture,83492864,14800,workspace,post-init,1,3,"Identical family, fixture generator, schedule, operation and timer source at v0.1.3 and candidate; runtime recipe/content and timer validation required. Optional endurance unexecuted historically."
mixed_load_bearing,agent-episodes-500,directly-comparable,1,1,pure_call_sum_ns,registered-fixture,83492864,14800,workspace,post-init,1,3,"Identical family, fixture generator, schedule, operation and timer source at v0.1.3 and candidate; runtime recipe/content and timer validation required. Optional endurance unexecuted historically."
workspace_reliability,workspace-invalid-sdk-edit-compact-v2-proof,proof-contract,1,1,pure_call_sum_ns,compact-low-tier-v2,1048576,10,reliability,post-init,1,1,"Identical family, fixture generator, schedule, operation and timer source at v0.1.3 and candidate; runtime recipe/content and timer validation required. Optional endurance unexecuted historically."
workspace_reliability,workspace-invalid-namespace-compact-v2-proof,proof-contract,1,1,pure_call_sum_ns,compact-low-tier-v2,1048576,10,reliability,post-init,1,1,"Identical family, fixture generator, schedule, operation and timer source at v0.1.3 and candidate; runtime recipe/content and timer validation required. Optional endurance unexecuted historically."
workspace_reliability,workspace-lease-lifecycle-compact-v2-proof,proof-contract,1,1,pure_call_sum_ns,compact-low-tier-v2,1048576,10,reliability,post-init,1,1,"Identical family, fixture generator, schedule, operation and timer source at v0.1.3 and candidate; runtime recipe/content and timer validation required. Optional endurance unexecuted historically."
workspace_reliability,workspace-open-writer-busy-compact-v2-proof,proof-contract,1,1,pure_call_sum_ns,compact-low-tier-v2,1048576,10,reliability,post-init,1,1,"Identical family, fixture generator, schedule, operation and timer source at v0.1.3 and candidate; runtime recipe/content and timer validation required. Optional endurance unexecuted historically."
workspace_reliability,workspace-live-execution-busy-compact-v2-proof,proof-contract,1,1,pure_call_sum_ns,compact-low-tier-v2,1048576,10,reliability,post-init,1,1,"Identical family, fixture generator, schedule, operation and timer source at v0.1.3 and candidate; runtime recipe/content and timer validation required. Optional endurance unexecuted historically."
workspace_reliability,workspace-candidate-failure-retry-compact-v2-proof,proof-contract,1,1,pure_call_sum_ns,compact-low-tier-v2,1048576,10,reliability,post-init,1,1,"Identical family, fixture generator, schedule, operation and timer source at v0.1.3 and candidate; runtime recipe/content and timer validation required. Optional endurance unexecuted historically."
workspace_reliability,workspace-admission-batch-failure-retry-compact-v2-proof,proof-contract,1,1,pure_call_sum_ns,compact-low-tier-v2,1048576,10,reliability,post-init,1,1,"Identical family, fixture generator, schedule, operation and timer source at v0.1.3 and candidate; runtime recipe/content and timer validation required. Optional endurance unexecuted historically."
workspace_reliability,workspace-final-publication-failure-retry-compact-v2-proof,proof-contract,1,1,pure_call_sum_ns,compact-low-tier-v2,1048576,10,reliability,post-init,1,1,"Identical family, fixture generator, schedule, operation and timer source at v0.1.3 and candidate; runtime recipe/content and timer validation required. Optional endurance unexecuted historically."
workspace_reliability,workspace-published-presentation-failure-smoke-v3-proof,proof-contract,1,1,pure_call_sum_ns,registered-fixture,4096,1,reliability,post-init,1,1,"Identical family, fixture generator, schedule, operation and timer source at v0.1.3 and candidate; runtime recipe/content and timer validation required. Optional endurance unexecuted historically."
workspace_reliability,workspace-dirty-end-discard-compact-v2-proof,proof-contract,1,1,pure_call_sum_ns,compact-low-tier-v2,1048576,10,reliability,post-init,1,1,"Identical family, fixture generator, schedule, operation and timer source at v0.1.3 and candidate; runtime recipe/content and timer validation required. Optional endurance unexecuted historically."
workspace_reliability,workspace-dirty-net-zero-compact-v2-proof,proof-contract,1,1,pure_call_sum_ns,compact-low-tier-v2,1048576,10,reliability,post-init,1,1,"Identical family, fixture generator, schedule, operation and timer source at v0.1.3 and candidate; runtime recipe/content and timer validation required. Optional endurance unexecuted historically."
workspace_reliability,workspace-short-spool-write-compact-v2-proof,proof-contract,1,1,pure_call_sum_ns,compact-low-tier-v2,1048576,10,reliability,post-init,1,1,"Identical family, fixture generator, schedule, operation and timer source at v0.1.3 and candidate; runtime recipe/content and timer validation required. Optional endurance unexecuted historically."
workspace_reliability,workspace-deferred-nospace-compact-v2-proof,proof-contract,1,1,pure_call_sum_ns,compact-low-tier-v2,1048576,10,reliability,post-init,1,1,"Identical family, fixture generator, schedule, operation and timer source at v0.1.3 and candidate; runtime recipe/content and timer validation required. Optional endurance unexecuted historically."
workspace_reliability,workspace-workload-cancel-compact-v2-proof,proof-contract,1,1,pure_call_sum_ns,compact-low-tier-v2,1048576,10,reliability,post-init,1,1,"Identical family, fixture generator, schedule, operation and timer source at v0.1.3 and candidate; runtime recipe/content and timer validation required. Optional endurance unexecuted historically."
workspace_reliability,workspace-dirty-runtime-disconnect-compact-v2-proof,proof-contract,1,1,pure_call_sum_ns,compact-low-tier-v2,1048576,10,reliability,post-init,1,1,"Identical family, fixture generator, schedule, operation and timer source at v0.1.3 and candidate; runtime recipe/content and timer validation required. Optional endurance unexecuted historically."
workspace_reliability,workspace-corrupt-descendant-compact-v2-proof,proof-contract,1,1,pure_call_sum_ns,compact-low-tier-v2,1048576,10,reliability,post-init,1,1,"Identical family, fixture generator, schedule, operation and timer source at v0.1.3 and candidate; runtime recipe/content and timer validation required. Optional endurance unexecuted historically."
workspace_reliability,workspace-missing-descendant-compact-v2-proof,proof-contract,1,1,pure_call_sum_ns,compact-low-tier-v2,1048576,10,reliability,post-init,1,1,"Identical family, fixture generator, schedule, operation and timer source at v0.1.3 and candidate; runtime recipe/content and timer validation required. Optional endurance unexecuted historically."
workspace_reliability,workspace-parallel-read-write-compact-v2-proof,proof-contract,1,1,pure_call_sum_ns,compact-low-tier-v2,1048576,10,reliability,post-init,1,1,"Identical family, fixture generator, schedule, operation and timer source at v0.1.3 and candidate; runtime recipe/content and timer validation required. Optional endurance unexecuted historically."
workspace_reliability,workspace-shared-path-contention-compact-v2-proof,proof-contract,1,1,pure_call_sum_ns,compact-low-tier-v2,1048576,10,reliability,post-init,1,1,"Identical family, fixture generator, schedule, operation and timer source at v0.1.3 and candidate; runtime recipe/content and timer validation required. Optional endurance unexecuted historically."
workspace_reliability,workspace-hardlink-alias-compact-v2-proof,proof-contract,1,1,pure_call_sum_ns,compact-low-tier-v2,1048576,10,reliability,post-init,1,1,"Identical family, fixture generator, schedule, operation and timer source at v0.1.3 and candidate; runtime recipe/content and timer validation required. Optional endurance unexecuted historically."
workspace_reliability,workspace-symlink-semantics-compact-v2-proof,proof-contract,1,1,pure_call_sum_ns,compact-low-tier-v2,1048576,10,reliability,post-init,1,1,"Identical family, fixture generator, schedule, operation and timer source at v0.1.3 and candidate; runtime recipe/content and timer validation required. Optional endurance unexecuted historically."
workspace_reliability,workspace-open-rename-unlink-compact-v2-proof,proof-contract,1,1,pure_call_sum_ns,compact-low-tier-v2,1048576,10,reliability,post-init,1,1,"Identical family, fixture generator, schedule, operation and timer source at v0.1.3 and candidate; runtime recipe/content and timer validation required. Optional endurance unexecuted historically."
workspace_reliability,workspace-metadata-chmod-compact-v2-proof,proof-contract,1,1,pure_call_sum_ns,compact-low-tier-v2,1048576,10,reliability,post-init,1,1,"Identical family, fixture generator, schedule, operation and timer source at v0.1.3 and candidate; runtime recipe/content and timer validation required. Optional endurance unexecuted historically."
workspace_reliability,workspace-metadata-mtime-compact-v2-proof,proof-contract,1,1,pure_call_sum_ns,compact-low-tier-v2,1048576,10,reliability,post-init,1,1,"Identical family, fixture generator, schedule, operation and timer source at v0.1.3 and candidate; runtime recipe/content and timer validation required. Optional endurance unexecuted historically."
workspace_reliability,workspace-metadata-xattr-compact-v2-proof,proof-contract,1,1,pure_call_sum_ns,compact-low-tier-v2,1048576,10,reliability,post-init,1,1,"Identical family, fixture generator, schedule, operation and timer source at v0.1.3 and candidate; runtime recipe/content and timer validation required. Optional endurance unexecuted historically."
workspace_reliability,workspace-exec-500-compact-v2-proof,proof-contract,1,1,pure_call_sum_ns,compact-low-tier-v2,1048576,10,reliability,post-init,1,1,"Identical family, fixture generator, schedule, operation and timer source at v0.1.3 and candidate; runtime recipe/content and timer validation required. Optional endurance unexecuted historically."
workspace_reliability,workspace-repeat-publication-compact-v2-proof,proof-contract,1,1,pure_call_sum_ns,compact-low-tier-v2,1048576,10,reliability,post-init,1,1,"Identical family, fixture generator, schedule, operation and timer source at v0.1.3 and candidate; runtime recipe/content and timer validation required. Optional endurance unexecuted historically."
workspace_reliability,workspace-sustained-600s-compact-v2-proof,proof-contract,1,1,pure_call_sum_ns,compact-low-tier-v2,1048576,10,reliability,post-init,1,1,"Identical family, fixture generator, schedule, operation and timer source at v0.1.3 and candidate; runtime recipe/content and timer validation required. Optional endurance unexecuted historically."
